date_utc,salinity,precip_total
2023-02-13 00:00:00+00:00,19.12857142857143,
2023-02-14 00:00:00+00:00,16.426041666666666,
2023-02-15 00:00:00+00:00,17.075,
2023-02-16 00:00:00+00:00,17.061458333333334,
2023-02-17 00:00:00+00:00,18.455434782608698,
2023-02-18 00:00:00+00:00,17.602083333333333,
2023-02-19 00:00:00+00:00,21.37263157894737,
2023-02-20 00:00:00+00:00,21.882291666666664,
2023-02-21 00:00:00+00:00,21.609574468085107,
2023-02-22 00:00:00+00:00,21.0,
2023-02-23 00:00:00+00:00,20.996739130434783,
2023-02-24 00:00:00+00:00,18.592307692307692,
2023-02-25 00:00:00+00:00,16.569148936170212,
2023-02-26 00:00:00+00:00,17.097894736842104,
2023-02-27 00:00:00+00:00,15.885263157894736,
2023-02-28 00:00:00+00:00,19.43191489361702,
2023-03-01 00:00:00+00:00,14.203125,
2023-03-02 00:00:00+00:00,16.068421052631578,
2023-03-03 00:00:00+00:00,14.503157894736841,
2023-03-04 00:00:00+00:00,18.363541666666666,
2023-03-05 00:00:00+00:00,16.075,
2023-03-06 00:00:00+00:00,15.363218390804597,
2023-03-07 00:00:00+00:00,18.608421052631577,
2023-03-08 00:00:00+00:00,17.8625,
2023-03-09 00:00:00+00:00,20.33473684210526,
2023-03-10 00:00:00+00:00,20.681250000000002,
2023-03-11 00:00:00+00:00,20.96,
2023-03-12 00:00:00+00:00,20.458333333333332,
2023-03-13 00:00:00+00:00,20.063541666666666,
2023-03-14 00:00:00+00:00,15.44,
2023-03-15 00:00:00+00:00,11.50625,
2023-03-16 00:00:00+00:00,17.290526315789474,
2023-03-17 00:00:00+00:00,17.099999999999998,
2023-03-18 00:00:00+00:00,17.24,
2023-03-19 00:00:00+00:00,15.636458333333332,
2023-03-20 00:00:00+00:00,16.289583333333333,
2023-03-21 00:00:00+00:00,17.253125,
2023-03-22 00:00:00+00:00,17.08842105263158,
2023-03-23 00:00:00+00:00,17.7625,
2023-03-24 00:00:00+00:00,15.852083333333333,
2023-03-25 00:00:00+00:00,14.456842105263158,
2023-03-26 00:00:00+00:00,11.58842105263158,
2023-03-27 00:00:00+00:00,9.906382978723405,
2023-03-28 00:00:00+00:00,10.77340425531915,
2023-03-29 00:00:00+00:00,10.022916666666667,
2023-03-30 00:00:00+00:00,10.046875,
2023-03-31 00:00:00+00:00,12.261458333333332,
2023-04-01 00:00:00+00:00,12.963541666666666,
2023-04-02 00:00:00+00:00,9.758333333333333,
2023-04-03 00:00:00+00:00,15.090526315789473,
2023-04-04 00:00:00+00:00,15.169791666666667,
2023-04-05 00:00:00+00:00,17.158947368421053,
2023-04-06 00:00:00+00:00,17.852631578947367,
2023-04-07 00:00:00+00:00,16.32,
2023-04-08 00:00:00+00:00,14.98842105263158,
2023-04-09 00:00:00+00:00,15.648958333333333,
2023-04-10 00:00:00+00:00,14.706315789473683,
2023-04-11 00:00:00+00:00,13.7875,
2023-04-12 00:00:00+00:00,13.794565217391304,
2023-04-13 00:00:00+00:00,15.020212765957448,
2023-04-14 00:00:00+00:00,13.802083333333334,
2023-04-15 00:00:00+00:00,14.806315789473683,
2023-04-16 00:00:00+00:00,15.686315789473685,
2023-04-17 00:00:00+00:00,17.716666666666665,
2023-04-18 00:00:00+00:00,18.41157894736842,
2023-04-19 00:00:00+00:00,17.521052631578947,
2023-04-20 00:00:00+00:00,17.382291666666667,
2023-04-21 00:00:00+00:00,18.446875000000002,
2023-04-22 00:00:00+00:00,19.609375,
2023-04-23 00:00:00+00:00,18.117894736842107,
2023-04-24 00:00:00+00:00,13.791666666666666,
2023-04-25 00:00:00+00:00,11.840625000000001,
2023-04-26 00:00:00+00:00,10.188172043010752,
2023-04-27 00:00:00+00:00,9.825000000000001,
2023-04-28 00:00:00+00:00,10.738947368421053,
2023-04-29 00:00:00+00:00,13.251578947368422,
2023-04-30 00:00:00+00:00,11.615625,
2023-05-01 00:00:00+00:00,10.262500000000001,
2023-05-02 00:00:00+00:00,9.146315789473684,
2023-05-03 00:00:00+00:00,9.353125,
2023-05-04 00:00:00+00:00,11.479166666666666,
2023-05-05 00:00:00+00:00,11.81875,
2023-05-06 00:00:00+00:00,11.592631578947367,
2023-05-07 00:00:00+00:00,12.032291666666666,
2023-05-08 00:00:00+00:00,13.151612903225805,
2023-05-09 00:00:00+00:00,11.609615384615385,
2023-05-10 00:00:00+00:00,12.079166666666666,
2023-05-11 00:00:00+00:00,11.706249999999999,
2023-05-12 00:00:00+00:00,13.455208333333333,
2023-05-13 00:00:00+00:00,13.883333333333333,
2023-05-14 00:00:00+00:00,14.578125,
2023-05-15 00:00:00+00:00,15.178723404255319,
2023-05-16 00:00:00+00:00,17.379166666666666,
2023-05-17 00:00:00+00:00,18.063541666666666,
2023-05-18 00:00:00+00:00,19.34375,
2023-05-19 00:00:00+00:00,20.026041666666668,
2023-05-20 00:00:00+00:00,19.900000000000002,
2023-05-21 00:00:00+00:00,18.431182795698923,
2023-05-22 00:00:00+00:00,18.024210526315787,
2023-05-23 00:00:00+00:00,18.764583333333334,
2023-05-24 00:00:00+00:00,18.06595744680851,
2023-05-25 00:00:00+00:00,15.834375,
2023-05-26 00:00:00+00:00,16.410526315789475,
2023-05-27 00:00:00+00:00,15.495833333333332,
2023-05-28 00:00:00+00:00,16.303124999999998,
2023-05-29 00:00:00+00:00,18.217021276595744,
2023-05-30 00:00:00+00:00,19.538541666666667,
2023-05-31 00:00:00+00:00,18.152083333333334,
2023-06-01 00:00:00+00:00,19.178947368421053,
2023-06-02 00:00:00+00:00,20.82391304347826,
2023-06-03 00:00:00+00:00,22.147368421052633,
2023-06-04 00:00:00+00:00,22.617708333333336,
2023-06-05 00:00:00+00:00,22.44148936170213,
2023-06-06 00:00:00+00:00,22.666315789473686,
2023-06-07 00:00:00+00:00,22.54375,
2023-06-08 00:00:00+00:00,22.860416666666666,
2023-06-09 00:00:00+00:00,22.813541666666666,
2023-06-10 00:00:00+00:00,22.310638297872337,
2023-06-11 00:00:00+00:00,22.167708333333334,
2023-06-12 00:00:00+00:00,22.559375,
2023-06-13 00:00:00+00:00,22.675,
2023-06-14 00:00:00+00:00,22.572916666666668,
2023-06-15 00:00:00+00:00,22.742708333333336,
2023-06-16 00:00:00+00:00,22.690425531914894,
2023-06-17 00:00:00+00:00,22.650000000000002,
2023-06-18 00:00:00+00:00,21.769791666666666,
2023-06-19 00:00:00+00:00,22.102083333333336,
2023-06-20 00:00:00+00:00,22.329166666666666,
2023-06-21 00:00:00+00:00,22.23229166666667,
2023-06-22 00:00:00+00:00,21.792708333333334,
2023-06-23 00:00:00+00:00,20.978125000000002,
2023-06-24 00:00:00+00:00,21.18421052631579,
2023-06-25 00:00:00+00:00,20.966666666666665,
2023-06-26 00:00:00+00:00,20.967708333333334,
2023-06-27 00:00:00+00:00,20.283333333333335,
2023-06-28 00:00:00+00:00,19.121739130434783,
2023-06-29 00:00:00+00:00,19.29574468085106,
2023-06-30 00:00:00+00:00,19.711458333333333,
2023-07-01 00:00:00+00:00,21.151041666666668,
2023-07-02 00:00:00+00:00,22.52,
2023-07-03 00:00:00+00:00,22.14421052631579,
2023-07-04 00:00:00+00:00,21.605208333333334,
2023-07-05 00:00:00+00:00,20.925263157894737,
2023-07-06 00:00:00+00:00,20.599999999999998,
2023-07-07 00:00:00+00:00,20.715384615384615,
2023-07-08 00:00:00+00:00,20.401041666666668,
2023-07-09 00:00:00+00:00,19.92,
2023-07-10 00:00:00+00:00,18.210416666666667,
2023-07-11 00:00:00+00:00,15.184782608695652,
2023-07-12 00:00:00+00:00,13.553684210526315,
2023-07-13 00:00:00+00:00,13.31875,
2023-07-14 00:00:00+00:00,13.178125,
2023-07-15 00:00:00+00:00,12.093684210526316,
2023-07-16 00:00:00+00:00,13.048958333333333,
2023-07-17 00:00:00+00:00,11.149450549450549,
2023-07-18 00:00:00+00:00,10.74,
2023-07-19 00:00:00+00:00,10.7875,
2023-07-20 00:00:00+00:00,10.598958333333334,
2023-07-21 00:00:00+00:00,12.046875,
2023-07-22 00:00:00+00:00,12.408333333333333,
2023-07-23 00:00:00+00:00,13.254166666666668,
2023-07-24 00:00:00+00:00,13.145263157894737,
2023-07-25 00:00:00+00:00,14.498958333333334,
2023-07-26 00:00:00+00:00,14.236458333333333,
2023-07-27 00:00:00+00:00,15.377083333333333,
2023-07-28 00:00:00+00:00,15.851612903225806,
2023-07-29 00:00:00+00:00,17.28723404255319,
2023-07-30 00:00:00+00:00,18.41263157894737,
2023-07-31 00:00:00+00:00,19.682105263157894,
2023-08-01 00:00:00+00:00,19.863829787234042,
2023-08-02 00:00:00+00:00,20.627173913043478,
2023-08-03 00:00:00+00:00,21.566315789473688,
2023-08-04 00:00:00+00:00,22.128421052631577,
2023-08-05 00:00:00+00:00,21.167708333333334,
2023-08-06 00:00:00+00:00,19.732291666666665,
2023-08-07 00:00:00+00:00,19.295833333333334,
2023-08-08 00:00:00+00:00,19.204347826086956,
2023-08-09 00:00:00+00:00,15.76,
2023-08-10 00:00:00+00:00,16.444791666666667,
2023-08-11 00:00:00+00:00,16.11894736842105,
2023-08-12 00:00:00+00:00,15.930208333333333,
2023-08-13 00:00:00+00:00,16.131249999999998,
2023-08-14 00:00:00+00:00,16.514583333333334,
2023-08-15 00:00:00+00:00,17.709473684210526,
2023-08-16 00:00:00+00:00,17.8875,
2023-08-17 00:00:00+00:00,18.056250000000002,
2023-08-18 00:00:00+00:00,17.664210526315788,
2023-08-19 00:00:00+00:00,16.022916666666667,
2023-08-20 00:00:00+00:00,16.290625000000002,
2023-08-21 00:00:00+00:00,15.981052631578947,
2023-08-22 00:00:00+00:00,16.094791666666666,
2023-08-23 00:00:00+00:00,16.926041666666666,
2023-08-24 00:00:00+00:00,16.927083333333332,
2023-08-25 00:00:00+00:00,17.24615384615385,
2023-08-26 00:00:00+00:00,17.567708333333332,
2023-08-27 00:00:00+00:00,17.035416666666666,
2023-08-28 00:00:00+00:00,18.323958333333334,
2023-08-29 00:00:00+00:00,20.053684210526313,
2023-08-30 00:00:00+00:00,20.52021276595745,
2023-08-31 00:00:00+00:00,19.31505376344086,
2023-09-01 00:00:00+00:00,20.103157894736842,
2023-09-02 00:00:00+00:00,20.451041666666665,
2023-09-03 00:00:00+00:00,19.607291666666665,
2023-09-04 00:00:00+00:00,19.557291666666668,
2023-09-05 00:00:00+00:00,19.483333333333334,
2023-09-06 00:00:00+00:00,19.014583333333334,
2023-09-07 00:00:00+00:00,18.357291666666665,
2023-09-08 00:00:00+00:00,17.770526315789475,
2023-09-09 00:00:00+00:00,16.573118279569893,
2023-09-10 00:00:00+00:00,16.545263157894738,
2023-09-11 00:00:00+00:00,16.650000000000002,
2023-09-12 00:00:00+00:00,17.086315789473684,
2023-09-13 00:00:00+00:00,18.589473684210525,
2023-09-14 00:00:00+00:00,18.497802197802198,
2023-09-15 00:00:00+00:00,19.2625,
2023-09-16 00:00:00+00:00,20.337500000000002,
2023-09-17 00:00:00+00:00,20.297894736842103,
2023-09-18 00:00:00+00:00,20.342105263157894,
2023-09-19 00:00:00+00:00,19.504255319148935,
2023-09-20 00:00:00+00:00,18.524210526315787,
2023-09-21 00:00:00+00:00,17.979166666666668,
2023-09-22 00:00:00+00:00,18.170833333333334,
2023-09-23 00:00:00+00:00,19.484375,
2023-09-24 00:00:00+00:00,18.413684210526316,
2023-09-25 00:00:00+00:00,16.979347826086954,
2023-09-26 00:00:00+00:00,17.66,
2023-09-27 00:00:00+00:00,18.377083333333335,
2023-09-28 00:00:00+00:00,18.873958333333334,
2023-09-29 00:00:00+00:00,18.978947368421053,
2023-09-30 00:00:00+00:00,17.650000000000002,
2023-10-01 00:00:00+00:00,17.42105263157895,
2023-10-02 00:00:00+00:00,16.773684210526316,
2023-10-03 00:00:00+00:00,16.864583333333332,
2023-10-04 00:00:00+00:00,16.008333333333333,
2023-10-05 00:00:00+00:00,15.99375,
2023-10-06 00:00:00+00:00,16.01157894736842,
2023-10-07 00:00:00+00:00,16.588541666666668,
2023-10-08 00:00:00+00:00,13.115789473684211,
2023-10-09 00:00:00+00:00,12.042708333333332,
2023-10-10 00:00:00+00:00,12.857894736842105,
2023-10-11 00:00:00+00:00,14.24375,
2023-10-12 00:00:00+00:00,15.477894736842106,
2023-10-13 00:00:00+00:00,16.367708333333333,
2023-10-14 00:00:00+00:00,17.838541666666668,
2023-10-15 00:00:00+00:00,18.942708333333332,
2023-10-16 00:00:00+00:00,18.71263157894737,
2023-10-17 00:00:00+00:00,18.615624999999998,
2023-10-18 00:00:00+00:00,18.213541666666668,
2023-10-19 00:00:00+00:00,17.871875,
2023-10-20 00:00:00+00:00,18.948351648351647,
2023-10-21 00:00:00+00:00,18.53578947368421,
2023-10-22 00:00:00+00:00,12.434375000000001,
2023-10-23 00:00:00+00:00,14.071875,
2023-10-24 00:00:00+00:00,17.940625,
2023-10-25 00:00:00+00:00,17.471875,
2023-10-26 00:00:00+00:00,18.338541666666668,
2023-10-27 00:00:00+00:00,20.014736842105265,
2023-10-28 00:00:00+00:00,20.528125,
2023-10-29 00:00:00+00:00,19.542708333333334,
2023-10-30 00:00:00+00:00,20.41578947368421,
2023-10-31 00:00:00+00:00,17.151041666666668,
2023-11-01 00:00:00+00:00,17.929166666666667,
2023-11-02 00:00:00+00:00,16.0031914893617,
2023-11-03 00:00:00+00:00,14.598947368421054,
2023-11-04 00:00:00+00:00,14.645833333333334,
2023-11-05 00:00:00+00:00,15.560416666666667,
2023-11-06 00:00:00+00:00,15.597916666666668,
2023-11-07 00:00:00+00:00,15.857291666666667,
2023-11-08 00:00:00+00:00,14.63695652173913,
2023-11-09 00:00:00+00:00,16.553684210526313,
2023-11-10 00:00:00+00:00,17.147916666666667,
2023-11-11 00:00:00+00:00,18.364583333333332,
2023-11-12 00:00:00+00:00,19.14468085106383,
2023-11-13 00:00:00+00:00,20.221875,
2023-11-14 00:00:00+00:00,20.591489361702127,
2023-11-15 00:00:00+00:00,20.648958333333333,
2023-11-16 00:00:00+00:00,20.919791666666665,
2023-11-17 00:00:00+00:00,20.308333333333334,
2023-11-18 00:00:00+00:00,20.67717391304348,
2023-11-19 00:00:00+00:00,19.689583333333335,
2023-11-20 00:00:00+00:00,18.741666666666667,
2023-11-21 00:00:00+00:00,19.913684210526316,
2023-11-22 00:00:00+00:00,21.951063829787234,
2023-11-23 00:00:00+00:00,18.441666666666666,
2023-11-24 00:00:00+00:00,19.603125000000002,
2023-11-25 00:00:00+00:00,18.881720430107528,
2023-11-26 00:00:00+00:00,20.537499999999998,
2023-11-27 00:00:00+00:00,21.339583333333334,
2023-11-28 00:00:00+00:00,17.48125,
2023-11-29 00:00:00+00:00,14.376041666666666,
2023-11-30 00:00:00+00:00,16.711458333333333,
2023-12-01 00:00:00+00:00,16.427083333333332,
2023-12-02 00:00:00+00:00,15.989583333333334,
2023-12-03 00:00:00+00:00,16.361052631578946,
2023-12-04 00:00:00+00:00,15.086170212765957,
2023-12-05 00:00:00+00:00,12.651063829787235,
2023-12-06 00:00:00+00:00,13.692553191489361,
2023-12-07 00:00:00+00:00,13.701041666666667,
2023-12-08 00:00:00+00:00,13.842105263157896,
2023-12-09 00:00:00+00:00,14.273684210526316,
2023-12-10 00:00:00+00:00,16.574468085106382,
2023-12-11 00:00:00+00:00,16.624468085106383,
2023-12-12 00:00:00+00:00,13.186315789473685,
2023-12-13 00:00:00+00:00,13.022105263157894,
2023-12-14 00:00:00+00:00,12.054736842105264,
2023-12-15 00:00:00+00:00,14.032291666666666,
2023-12-16 00:00:00+00:00,13.933333333333332,
2023-12-17 00:00:00+00:00,16.352083333333333,
2023-12-18 00:00:00+00:00,18.093684210526316,
2023-12-19 00:00:00+00:00,5.450526315789473,
2023-12-20 00:00:00+00:00,2.4357894736842107,
2023-12-21 00:00:00+00:00,4.476041666666666,
2023-12-22 00:00:00+00:00,6.8442105263157895,
2023-12-23 00:00:00+00:00,7.807291666666667,
2023-12-24 00:00:00+00:00,9.527368421052632,
2023-12-25 00:00:00+00:00,11.13125,
2023-12-26 00:00:00+00:00,12.676842105263157,
2023-12-27 00:00:00+00:00,13.025,
2023-12-28 00:00:00+00:00,14.159550561797753,
2023-12-29 00:00:00+00:00,11.326041666666667,
2023-12-30 00:00:00+00:00,9.559574468085106,
2023-12-31 00:00:00+00:00,8.764772727272726,
2024-01-01 00:00:00+00:00,9.831249999999999,
2024-01-02 00:00:00+00:00,10.628260869565217,
2024-01-03 00:00:00+00:00,10.688421052631579,
2024-01-04 00:00:00+00:00,12.603125,
2024-01-05 00:00:00+00:00,11.980952380952381,
2024-01-06 00:00:00+00:00,13.625,
2024-01-07 00:00:00+00:00,17.4873417721519,
2024-01-08 00:00:00+00:00,13.143333333333334,
2024-01-09 00:00:00+00:00,16.720454545454547,
2024-01-10 00:00:00+00:00,19.544444444444448,
2024-01-11 00:00:00+00:00,12.946153846153846,
2024-01-12 00:00:00+00:00,12.264197530864196,
2024-01-13 00:00:00+00:00,14.1,
2024-01-14 00:00:00+00:00,9.353846153846154,
2024-01-15 00:00:00+00:00,7.559701492537314,
2024-01-16 00:00:00+00:00,,
2024-01-17 00:00:00+00:00,7.964705882352941,
2024-01-18 00:00:00+00:00,6.552238805970149,
2024-01-19 00:00:00+00:00,10.093506493506494,
2024-01-20 00:00:00+00:00,7.005714285714285,
2024-01-21 00:00:00+00:00,11.04404761904762,
2024-01-22 00:00:00+00:00,13.242708333333333,
2024-01-23 00:00:00+00:00,13.96,
2024-01-24 00:00:00+00:00,16.73894736842105,
2024-01-25 00:00:00+00:00,17.44507042253521,
2024-01-26 00:00:00+00:00,17.003030303030304,
2024-01-27 00:00:00+00:00,13.877142857142857,
2024-01-28 00:00:00+00:00,14.538461538461538,
2024-01-29 00:00:00+00:00,9.3875,
2024-01-30 00:00:00+00:00,10.573684210526316,
2024-01-31 00:00:00+00:00,9.44375,
2024-02-01 00:00:00+00:00,8.664583333333333,
2024-02-02 00:00:00+00:00,9.858333333333333,
2024-02-03 00:00:00+00:00,10.492708333333333,
2024-02-04 00:00:00+00:00,12.496875000000001,
2024-02-05 00:00:00+00:00,12.38125,
2024-02-06 00:00:00+00:00,14.200000000000001,
2024-02-07 00:00:00+00:00,15.078947368421053,
2024-02-08 00:00:00+00:00,16.626041666666666,
2024-02-09 00:00:00+00:00,18.585416666666667,
2024-02-10 00:00:00+00:00,19.713541666666668,
2024-02-11 00:00:00+00:00,19.08191489361702,
2024-02-12 00:00:00+00:00,18.751063829787235,
2024-02-13 00:00:00+00:00,18.671875,
2024-02-14 00:00:00+00:00,17.49787234042553,
2024-02-15 00:00:00+00:00,14.459375,
2024-02-16 00:00:00+00:00,15.698958333333332,
2024-02-17 00:00:00+00:00,16.103191489361702,
2024-02-18 00:00:00+00:00,14.264583333333334,
2024-02-19 00:00:00+00:00,12.329166666666666,
2024-02-20 00:00:00+00:00,15.065624999999999,
2024-02-21 00:00:00+00:00,15.084042553191491,
2024-02-22 00:00:00+00:00,17.98125,
2024-02-23 00:00:00+00:00,19.386458333333334,
2024-02-24 00:00:00+00:00,18.478125000000002,
2024-02-25 00:00:00+00:00,17.896874999999998,
2024-02-26 00:00:00+00:00,18.666315789473682,
2024-02-27 00:00:00+00:00,18.667368421052632,
2024-02-28 00:00:00+00:00,18.794791666666665,
2024-02-29 00:00:00+00:00,14.57578947368421,
2024-03-01 00:00:00+00:00,14.284374999999999,
2024-03-02 00:00:00+00:00,15.331249999999999,
2024-03-03 00:00:00+00:00,13.789583333333333,
2024-03-04 00:00:00+00:00,12.305376344086023,
2024-03-05 00:00:00+00:00,13.913541666666667,
2024-03-06 00:00:00+00:00,12.52421052631579,
2024-03-07 00:00:00+00:00,13.276041666666666,
2024-03-08 00:00:00+00:00,12.798958333333333,
2024-03-09 00:00:00+00:00,13.573958333333332,
2024-03-10 00:00:00+00:00,12.815624999999999,
2024-03-11 00:00:00+00:00,4.226315789473684,
2024-03-12 00:00:00+00:00,6.351578947368421,
2024-03-13 00:00:00+00:00,9.328125,
2024-03-14 00:00:00+00:00,9.929166666666667,
2024-03-15 00:00:00+00:00,9.191578947368422,
2024-03-16 00:00:00+00:00,9.608333333333333,
2024-03-17 00:00:00+00:00,8.964583333333334,
2024-03-18 00:00:00+00:00,8.896875,
2024-03-19 00:00:00+00:00,7.936842105263158,
2024-03-20 00:00:00+00:00,12.604166666666666,
2024-03-21 00:00:00+00:00,9.207291666666666,
2024-03-22 00:00:00+00:00,12.08736842105263,
2024-03-23 00:00:00+00:00,15.420833333333334,
2024-03-24 00:00:00+00:00,13.029166666666667,
2024-03-25 00:00:00+00:00,15.498958333333334,
2024-03-26 00:00:00+00:00,16.554166666666667,
2024-03-27 00:00:00+00:00,14.222340425531916,
2024-03-28 00:00:00+00:00,12.692631578947369,
2024-03-29 00:00:00+00:00,10.632291666666667,
2024-03-30 00:00:00+00:00,9.301449275362318,
2024-03-31 00:00:00+00:00,,
2024-04-01 00:00:00+00:00,,
2024-04-02 00:00:00+00:00,,
2024-04-03 00:00:00+00:00,,
2024-04-04 00:00:00+00:00,,
2024-04-05 00:00:00+00:00,,
2024-04-06 00:00:00+00:00,,
2024-04-07 00:00:00+00:00,,
2024-04-08 00:00:00+00:00,,
2024-04-09 00:00:00+00:00,,
2024-04-10 00:00:00+00:00,,
2024-04-11 00:00:00+00:00,,
2024-04-12 00:00:00+00:00,,
2024-04-13 00:00:00+00:00,,
2024-04-14 00:00:00+00:00,,
2024-04-15 00:00:00+00:00,,
2024-04-16 00:00:00+00:00,,
2024-04-17 00:00:00+00:00,,
2024-04-18 00:00:00+00:00,,
2024-04-19 00:00:00+00:00,,
2024-04-20 00:00:00+00:00,,
2024-04-21 00:00:00+00:00,,
2024-04-22 00:00:00+00:00,,
2024-04-23 00:00:00+00:00,,
2024-04-24 00:00:00+00:00,,
2024-04-25 00:00:00+00:00,,
2024-04-26 00:00:00+00:00,,
2024-04-27 00:00:00+00:00,,
2024-04-28 00:00:00+00:00,,
2024-04-29 00:00:00+00:00,,
2024-04-30 00:00:00+00:00,,
2024-05-01 00:00:00+00:00,,
2024-05-02 00:00:00+00:00,,
2024-05-03 00:00:00+00:00,,
2024-05-04 00:00:00+00:00,,
2024-05-05 00:00:00+00:00,,
2024-05-06 00:00:00+00:00,,
2024-05-07 00:00:00+00:00,13.096774193548388,
2024-05-08 00:00:00+00:00,15.736170212765957,
2024-05-09 00:00:00+00:00,15.151578947368423,
2024-05-10 00:00:00+00:00,15.548958333333333,
2024-05-11 00:00:00+00:00,14.59375,
2024-05-12 00:00:00+00:00,14.383157894736843,
2024-05-13 00:00:00+00:00,12.263541666666667,
2024-05-14 00:00:00+00:00,11.662105263157896,
2024-05-15 00:00:00+00:00,12.047916666666666,
2024-05-16 00:00:00+00:00,12.554166666666667,
2024-05-17 00:00:00+00:00,11.814583333333333,
2024-05-18 00:00:00+00:00,11.946739130434782,
2024-05-19 00:00:00+00:00,12.686458333333334,
2024-05-20 00:00:00+00:00,13.462765957446809,
2024-05-21 00:00:00+00:00,15.229473684210525,
2024-05-22 00:00:00+00:00,16.193749999999998,
2024-05-23 00:00:00+00:00,16.536458333333332,
2024-05-24 00:00:00+00:00,16.753125,
2024-05-25 00:00:00+00:00,17.34842105263158,
2024-05-26 00:00:00+00:00,17.876041666666666,
2024-05-27 00:00:00+00:00,18.391666666666666,
2024-05-28 00:00:00+00:00,17.717708333333334,
2024-05-29 00:00:00+00:00,16.589583333333334,
2024-05-30 00:00:00+00:00,15.79468085106383,
2024-05-31 00:00:00+00:00,15.984375,
2024-06-01 00:00:00+00:00,16.5031914893617,
2024-06-02 00:00:00+00:00,17.433684210526316,
2024-06-03 00:00:00+00:00,18.1875,
2024-06-04 00:00:00+00:00,18.696875000000002,
2024-06-05 00:00:00+00:00,18.887234042553192,
2024-06-06 00:00:00+00:00,19.221052631578946,
2024-06-07 00:00:00+00:00,18.898958333333333,
2024-06-08 00:00:00+00:00,18.171875,
2024-06-09 00:00:00+00:00,18.011702127659575,
2024-06-10 00:00:00+00:00,17.70957446808511,
2024-06-11 00:00:00+00:00,18.533333333333335,
2024-06-12 00:00:00+00:00,17.79375,
2024-06-13 00:00:00+00:00,17.394791666666666,
2024-06-14 00:00:00+00:00,18.4,
2024-06-15 00:00:00+00:00,17.557291666666668,
2024-06-16 00:00:00+00:00,17.728125000000002,
2024-06-17 00:00:00+00:00,18.427083333333332,
2024-06-18 00:00:00+00:00,18.97021276595745,
2024-06-19 00:00:00+00:00,19.669791666666665,
2024-06-20 00:00:00+00:00,20.26521739130435,
2024-06-21 00:00:00+00:00,20.65157894736842,
2024-06-22 00:00:00+00:00,21.427083333333332,
2024-06-23 00:00:00+00:00,21.764583333333334,
2024-06-24 00:00:00+00:00,21.183333333333334,
2024-06-25 00:00:00+00:00,20.20736842105263,
2024-06-26 00:00:00+00:00,21.875,
2024-06-27 00:00:00+00:00,20.948958333333334,
2024-06-28 00:00:00+00:00,20.023958333333333,
2024-06-29 00:00:00+00:00,21.110869565217392,
2024-06-30 00:00:00+00:00,21.644791666666666,
2024-07-01 00:00:00+00:00,20.096875,
2024-07-02 00:00:00+00:00,19.994791666666668,
2024-07-03 00:00:00+00:00,20.773958333333333,
2024-07-04 00:00:00+00:00,22.034375,
2024-07-05 00:00:00+00:00,21.949473684210524,
2024-07-06 00:00:00+00:00,21.556250000000002,
2024-07-07 00:00:00+00:00,20.516666666666666,
2024-07-08 00:00:00+00:00,20.216666666666665,
2024-07-09 00:00:00+00:00,20.59578947368421,
2024-07-10 00:00:00+00:00,20.809574468085106,
2024-07-11 00:00:00+00:00,21.38,
2024-07-12 00:00:00+00:00,19.603157894736842,
2024-07-13 00:00:00+00:00,18.971875,
2024-07-14 00:00:00+00:00,18.402083333333334,
2024-07-15 00:00:00+00:00,19.36842105263158,
2024-07-16 00:00:00+00:00,18.66086956521739,
2024-07-17 00:00:00+00:00,19.221739130434784,
2024-07-18 00:00:00+00:00,18.838297872340426,
2024-07-19 00:00:00+00:00,19.001041666666666,
2024-07-20 00:00:00+00:00,20.175824175824175,
2024-07-21 00:00:00+00:00,21.478125000000002,
2024-07-22 00:00:00+00:00,21.563157894736843,
2024-07-23 00:00:00+00:00,21.947916666666668,
2024-07-24 00:00:00+00:00,21.532631578947367,
2024-07-25 00:00:00+00:00,20.91720430107527,
2024-07-26 00:00:00+00:00,20.265591397849462,
2024-07-27 00:00:00+00:00,19.32340425531915,
2024-07-28 00:00:00+00:00,18.9,
2024-07-29 00:00:00+00:00,17.844791666666666,
2024-07-30 00:00:00+00:00,16.184375,
2024-07-31 00:00:00+00:00,16.886458333333334,
2024-08-01 00:00:00+00:00,16.22421052631579,
2024-08-02 00:00:00+00:00,14.693617021276596,
2024-08-03 00:00:00+00:00,15.014583333333334,
2024-08-04 00:00:00+00:00,16.849473684210526,
2024-08-05 00:00:00+00:00,18.460416666666667,
2024-08-06 00:00:00+00:00,18.546315789473685,
2024-08-07 00:00:00+00:00,17.532631578947367,
2024-08-08 00:00:00+00:00,17.21875,
2024-08-09 00:00:00+00:00,17.419780219780222,
2024-08-10 00:00:00+00:00,17.926315789473684,
2024-08-11 00:00:00+00:00,14.398947368421053,
2024-08-12 00:00:00+00:00,13.685416666666667,
2024-08-13 00:00:00+00:00,13.44468085106383,
2024-08-14 00:00:00+00:00,14.692708333333334,
2024-08-15 00:00:00+00:00,15.635789473684211,
2024-08-16 00:00:00+00:00,16.41578947368421,
2024-08-17 00:00:00+00:00,18.76489361702128,
2024-08-18 00:00:00+00:00,20.692708333333332,
2024-08-19 00:00:00+00:00,20.593684210526316,
2024-08-20 00:00:00+00:00,19.811458333333334,
2024-08-21 00:00:00+00:00,19.478125000000002,
2024-08-22 00:00:00+00:00,19.516666666666666,
2024-08-23 00:00:00+00:00,19.056250000000002,
2024-08-24 00:00:00+00:00,18.852083333333333,
2024-08-25 00:00:00+00:00,18.80212765957447,
2024-08-26 00:00:00+00:00,18.517894736842106,
2024-08-27 00:00:00+00:00,18.326315789473686,
2024-08-28 00:00:00+00:00,18.904166666666665,
2024-08-29 00:00:00+00:00,18.614583333333332,
2024-08-30 00:00:00+00:00,19.135416666666668,
2024-08-31 00:00:00+00:00,19.02,
2024-09-01 00:00:00+00:00,19.814583333333335,
2024-09-02 00:00:00+00:00,19.669473684210526,
2024-09-03 00:00:00+00:00,19.715625,
2024-09-04 00:00:00+00:00,19.751578947368422,
2024-09-05 00:00:00+00:00,20.211458333333333,
2024-09-06 00:00:00+00:00,20.841666666666665,
2024-09-07 00:00:00+00:00,21.354166666666668,
2024-09-08 00:00:00+00:00,20.115624999999998,
2024-09-09 00:00:00+00:00,18.545833333333334,
2024-09-10 00:00:00+00:00,18.615624999999998,
2024-09-11 00:00:00+00:00,18.74042553191489,
2024-09-12 00:00:00+00:00,18.813541666666666,
2024-09-13 00:00:00+00:00,19.45,
2024-09-14 00:00:00+00:00,19.77263157894737,
2024-09-15 00:00:00+00:00,21.15625,
2024-09-16 00:00:00+00:00,22.34583333333333,
2024-09-17 00:00:00+00:00,22.514583333333334,
2024-09-18 00:00:00+00:00,23.071578947368423,
2024-09-19 00:00:00+00:00,23.336458333333336,
2024-09-20 00:00:00+00:00,23.79375,
2024-09-21 00:00:00+00:00,24.077083333333334,
2024-09-22 00:00:00+00:00,23.917708333333334,
2024-09-23 00:00:00+00:00,23.758064516129032,
2024-09-24 00:00:00+00:00,22.66875,
2024-09-25 00:00:00+00:00,22.218478260869563,
2024-09-26 00:00:00+00:00,21.621875,
2024-09-27 00:00:00+00:00,21.045263157894738,
2024-09-28 00:00:00+00:00,21.465625,
2024-09-29 00:00:00+00:00,21.695744680851064,
2024-09-30 00:00:00+00:00,21.03510638297872,
2024-10-01 00:00:00+00:00,21.735416666666666,
2024-10-02 00:00:00+00:00,22.418085106382982,
2024-10-03 00:00:00+00:00,22.119791666666668,
2024-10-04 00:00:00+00:00,21.670526315789473,
2024-10-05 00:00:00+00:00,21.537894736842105,
2024-10-06 00:00:00+00:00,21.436458333333334,
2024-10-07 00:00:00+00:00,22.63684210526316,
2024-10-08 00:00:00+00:00,21.33157894736842,
2024-10-09 00:00:00+00:00,21.040625000000002,
2024-10-10 00:00:00+00:00,19.847368421052632,
2024-10-11 00:00:00+00:00,20.318947368421053,
2024-10-12 00:00:00+00:00,20.414583333333333,
2024-10-13 00:00:00+00:00,21.629787234042553,
2024-10-14 00:00:00+00:00,22.772340425531915,
2024-10-15 00:00:00+00:00,22.473958333333332,
2024-10-16 00:00:00+00:00,22.416842105263157,
2024-10-17 00:00:00+00:00,22.840425531914892,
2024-10-18 00:00:00+00:00,24.454255319148935,
2024-10-19 00:00:00+00:00,24.393684210526317,
2024-10-20 00:00:00+00:00,23.772916666666664,
2024-10-21 00:00:00+00:00,23.13684210526316,
2024-10-22 00:00:00+00:00,22.92395833333333,
2024-10-23 00:00:00+00:00,22.983516483516482,
2024-10-24 00:00:00+00:00,22.167708333333334,
2024-10-25 00:00:00+00:00,21.496875,
2024-10-26 00:00:00+00:00,21.519791666666666,
2024-10-27 00:00:00+00:00,20.718947368421052,
2024-10-28 00:00:00+00:00,22.019791666666666,
2024-10-29 00:00:00+00:00,22.919148936170213,
2024-10-30 00:00:00+00:00,23.340625,
2024-10-31 00:00:00+00:00,22.95520833333333,
2024-11-01 00:00:00+00:00,22.91304347826087,
2024-11-02 00:00:00+00:00,21.985416666666666,
2024-11-03 00:00:00+00:00,23.02,
2024-11-04 00:00:00+00:00,23.319791666666664,
2024-11-05 00:00:00+00:00,23.195833333333336,
2024-11-06 00:00:00+00:00,22.542105263157893,
2024-11-07 00:00:00+00:00,21.934375,
2024-11-08 00:00:00+00:00,22.803124999999998,
2024-11-09 00:00:00+00:00,20.492708333333333,
2024-11-10 00:00:00+00:00,23.386170212765958,
2024-11-11 00:00:00+00:00,24.188541666666666,
2024-11-12 00:00:00+00:00,23.31578947368421,
2024-11-13 00:00:00+00:00,23.94,
2024-11-14 00:00:00+00:00,25.628421052631577,
2024-11-15 00:00:00+00:00,25.627472527472527,
2024-11-16 00:00:00+00:00,25.210638297872343,
2024-11-17 00:00:00+00:00,24.86105263157895,
2024-11-18 00:00:00+00:00,25.249473684210525,
2024-11-19 00:00:00+00:00,24.665625000000002,
2024-11-20 00:00:00+00:00,24.677083333333332,
2024-11-21 00:00:00+00:00,25.61304347826087,
2024-11-22 00:00:00+00:00,23.354166666666668,
2024-11-23 00:00:00+00:00,22.104166666666668,
2024-11-24 00:00:00+00:00,17.877083333333335,
2024-11-25 00:00:00+00:00,19.14,
2024-11-26 00:00:00+00:00,22.51578947368421,
2024-11-27 00:00:00+00:00,21.774736842105263,
2024-11-28 00:00:00+00:00,22.596842105263157,
2024-11-29 00:00:00+00:00,19.731578947368423,
2024-11-30 00:00:00+00:00,21.712500000000002,
2024-12-01 00:00:00+00:00,21.378125,
2024-12-02 00:00:00+00:00,21.22736842105263,
2024-12-03 00:00:00+00:00,21.84375,
2024-12-04 00:00:00+00:00,21.557291666666668,
2024-12-05 00:00:00+00:00,23.229166666666668,
2024-12-06 00:00:00+00:00,18.413333333333334,
2024-12-07 00:00:00+00:00,21.673684210526314,
2024-12-08 00:00:00+00:00,23.402105263157893,
2024-12-09 00:00:00+00:00,22.947916666666668,
2024-12-10 00:00:00+00:00,23.384375000000002,
2024-12-11 00:00:00+00:00,23.40212765957447,
2024-12-12 00:00:00+00:00,19.712500000000002,
2024-12-13 00:00:00+00:00,14.580645161290322,
2024-12-14 00:00:00+00:00,16.053124999999998,
2024-12-15 00:00:00+00:00,16.765263157894736,
2024-12-16 00:00:00+00:00,18.321686746987954,
2024-12-17 00:00:00+00:00,18.584444444444443,
2024-12-18 00:00:00+00:00,17.133333333333333,
2024-12-19 00:00:00+00:00,16.58125,
2024-12-20 00:00:00+00:00,16.304166666666667,
2024-12-21 00:00:00+00:00,15.635789473684211,
2024-12-22 00:00:00+00:00,12.84315789473684,
2024-12-23 00:00:00+00:00,14.124561403508773,
2024-12-24 00:00:00+00:00,,
2024-12-25 00:00:00+00:00,,
2024-12-26 00:00:00+00:00,,
2024-12-27 00:00:00+00:00,,
2024-12-28 00:00:00+00:00,,
2024-12-29 00:00:00+00:00,19.904819277108434,
2024-12-30 00:00:00+00:00,22.82857142857143,
2024-12-31 00:00:00+00:00,,
2025-01-01 00:00:00+00:00,,
2025-01-02 00:00:00+00:00,15.330434782608696,
2025-01-03 00:00:00+00:00,14.729787234042552,
2025-01-04 00:00:00+00:00,16.941666666666666,
2025-01-05 00:00:00+00:00,17.444791666666667,
2025-01-06 00:00:00+00:00,18.70421052631579,
2025-01-07 00:00:00+00:00,15.612499999999999,
2025-01-08 00:00:00+00:00,15.132291666666667,
2025-01-09 00:00:00+00:00,14.762105263157896,
2025-01-10 00:00:00+00:00,20.0,
2025-01-11 00:00:00+00:00,23.78333333333333,
2025-01-12 00:00:00+00:00,21.306250000000002,
2025-01-13 00:00:00+00:00,22.445833333333336,
2025-01-14 00:00:00+00:00,20.49578947368421,
2025-01-15 00:00:00+00:00,19.461052631578948,
2025-01-16 00:00:00+00:00,22.40215053763441,
2025-01-17 00:00:00+00:00,23.035416666666666,
2025-01-18 00:00:00+00:00,22.645744680851063,
2025-01-19 00:00:00+00:00,21.50531914893617,
2025-01-20 00:00:00+00:00,17.983333333333334,
2025-01-21 00:00:00+00:00,16.698958333333334,
2025-01-22 00:00:00+00:00,18.702105263157897,
2025-01-23 00:00:00+00:00,20.711458333333333,
2025-01-24 00:00:00+00:00,19.31276595744681,
2025-01-25 00:00:00+00:00,20.79375,
2025-01-26 00:00:00+00:00,21.646874999999998,
2025-01-27 00:00:00+00:00,22.621875,
2025-01-28 00:00:00+00:00,24.369473684210526,
2025-01-29 00:00:00+00:00,24.721875,
2025-01-30 00:00:00+00:00,22.471875,
2025-01-31 00:00:00+00:00,25.0,
2025-02-01 00:00:00+00:00,24.29375,
2025-02-02 00:00:00+00:00,24.214893617021275,
2025-02-03 00:00:00+00:00,24.733333333333334,
2025-02-04 00:00:00+00:00,23.586458333333336,
2025-02-05 00:00:00+00:00,22.23478260869565,
2025-02-06 00:00:00+00:00,23.91875,
2025-02-07 00:00:00+00:00,22.317708333333332,
2025-02-08 00:00:00+00:00,21.24421052631579,
2025-02-09 00:00:00+00:00,24.306250000000002,
2025-02-10 00:00:00+00:00,23.760416666666668,
2025-02-11 00:00:00+00:00,23.096875,
2025-02-12 00:00:00+00:00,24.551041666666666,
2025-02-13 00:00:00+00:00,25.855208333333334,
2025-02-14 00:00:00+00:00,20.616071428571427,
2025-02-15 00:00:00+00:00,22.240000000000002,
2025-02-16 00:00:00+00:00,24.397916666666664,
2025-02-17 00:00:00+00:00,17.051578947368423,
2025-02-18 00:00:00+00:00,15.96875,
2025-02-19 00:00:00+00:00,19.077083333333334,
2025-02-20 00:00:00+00:00,23.381249999999998,
2025-02-21 00:00:00+00:00,18.526041666666668,
2025-02-22 00:00:00+00:00,20.310526315789474,
2025-02-23 00:00:00+00:00,22.006451612903223,
2025-02-24 00:00:00+00:00,22.952083333333334,
2025-02-25 00:00:00+00:00,24.535106382978725,
2025-02-26 00:00:00+00:00,23.879166666666666,
2025-02-27 00:00:00+00:00,24.3,
2025-02-28 00:00:00+00:00,24.566666666666666,
2025-03-01 00:00:00+00:00,24.510526315789473,
2025-03-02 00:00:00+00:00,20.70421052631579,
2025-03-03 00:00:00+00:00,21.375,
2025-03-04 00:00:00+00:00,22.681250000000002,
2025-03-05 00:00:00+00:00,22.422916666666666,
2025-03-06 00:00:00+00:00,22.246875,
2025-03-07 00:00:00+00:00,13.58842105263158,
2025-03-08 00:00:00+00:00,14.72,
2025-03-09 00:00:00+00:00,14.76842105263158,
2025-03-10 00:00:00+00:00,17.916304347826088,
2025-03-11 00:00:00+00:00,19.105208333333334,
2025-03-12 00:00:00+00:00,18.826041666666665,
2025-03-13 00:00:00+00:00,19.209374999999998,
2025-03-14 00:00:00+00:00,18.526041666666668,
2025-03-15 00:00:00+00:00,18.09578947368421,
2025-03-16 00:00:00+00:00,18.254166666666666,
2025-03-17 00:00:00+00:00,17.714583333333334,
2025-03-18 00:00:00+00:00,11.935416666666667,
2025-03-19 00:00:00+00:00,12.430434782608694,
2025-03-20 00:00:00+00:00,11.909374999999999,
2025-03-21 00:00:00+00:00,10.067499999999999,
2025-03-22 00:00:00+00:00,11.361052631578946,
2025-03-23 00:00:00+00:00,10.626315789473685,
2025-03-24 00:00:00+00:00,12.918947368421053,
2025-03-25 00:00:00+00:00,12.30989010989011,
2025-03-26 00:00:00+00:00,14.232631578947368,
2025-03-27 00:00:00+00:00,15.940624999999999,
2025-03-28 00:00:00+00:00,18.842708333333334,
2025-03-29 00:00:00+00:00,20.21157894736842,
2025-03-30 00:00:00+00:00,21.22736842105263,
2025-03-31 00:00:00+00:00,20.5968085106383,
2025-04-01 00:00:00+00:00,16.984375,
2025-04-02 00:00:00+00:00,16.31304347826087,
2025-04-03 00:00:00+00:00,16.297894736842103,
2025-04-04 00:00:00+00:00,12.918478260869565,
2025-04-05 00:00:00+00:00,12.808695652173913,
2025-04-06 00:00:00+00:00,12.694736842105263,
2025-04-07 00:00:00+00:00,11.456249999999999,
2025-04-08 00:00:00+00:00,12.1875,
2025-04-09 00:00:00+00:00,10.389583333333333,
2025-04-10 00:00:00+00:00,14.595833333333333,
2025-04-11 00:00:00+00:00,16.720833333333335,
2025-04-12 00:00:00+00:00,17.298947368421054,
2025-04-13 00:00:00+00:00,14.807291666666666,
2025-04-14 00:00:00+00:00,14.832631578947368,
2025-04-15 00:00:00+00:00,14.835416666666667,
2025-04-16 00:00:00+00:00,12.017708333333333,
2025-04-17 00:00:00+00:00,12.377083333333333,
2025-04-18 00:00:00+00:00,14.571875,
2025-04-19 00:00:00+00:00,14.716666666666667,
2025-04-20 00:00:00+00:00,13.12736842105263,
2025-04-21 00:00:00+00:00,15.371739130434783,
2025-04-22 00:00:00+00:00,15.441666666666668,
2025-04-23 00:00:00+00:00,15.881052631578948,
2025-04-24 00:00:00+00:00,16.974999999999998,
2025-04-25 00:00:00+00:00,19.278125,
2025-04-26 00:00:00+00:00,21.046315789473685,
2025-04-27 00:00:00+00:00,18.7625,
2025-04-28 00:00:00+00:00,18.15268817204301,
2025-04-29 00:00:00+00:00,19.140625,
2025-04-30 00:00:00+00:00,17.838461538461537,
2025-05-01 00:00:00+00:00,17.049473684210525,
2025-05-02 00:00:00+00:00,17.79578947368421,
2025-05-03 00:00:00+00:00,16.872826086956522,
2025-05-04 00:00:00+00:00,14.955208333333333,
2025-05-05 00:00:00+00:00,14.228125,
2025-05-06 00:00:00+00:00,11.665263157894737,
2025-05-07 00:00:00+00:00,9.464583333333334,
2025-05-08 00:00:00+00:00,8.286458333333334,
2025-05-09 00:00:00+00:00,8.827368421052633,
2025-05-10 00:00:00+00:00,7.2631578947368425,
2025-05-11 00:00:00+00:00,6.572631578947369,
2025-05-12 00:00:00+00:00,6.236458333333334,
2025-05-13 00:00:00+00:00,7.471875,
2025-05-14 00:00:00+00:00,9.496703296703297,
2025-05-15 00:00:00+00:00,9.763541666666667,
2025-05-16 00:00:00+00:00,10.446315789473683,
2025-05-17 00:00:00+00:00,11.809473684210527,
2025-05-18 00:00:00+00:00,10.9625,
2025-05-19 00:00:00+00:00,11.072916666666666,
2025-05-20 00:00:00+00:00,13.051578947368421,
2025-05-21 00:00:00+00:00,14.94367816091954,
2025-05-22 00:00:00+00:00,16.377894736842105,
2025-05-23 00:00:00+00:00,15.211458333333333,
2025-05-24 00:00:00+00:00,16.206382978723404,
2025-05-25 00:00:00+00:00,16.40625,
2025-05-26 00:00:00+00:00,17.201041666666665,
2025-05-27 00:00:00+00:00,17.212500000000002,
2025-05-28 00:00:00+00:00,17.496875,
2025-05-29 00:00:00+00:00,17.633695652173913,
2025-05-30 00:00:00+00:00,18.095833333333335,
2025-05-31 00:00:00+00:00,17.277659574468085,
2025-06-01 00:00:00+00:00,12.742708333333333,
2025-06-02 00:00:00+00:00,11.65,
2025-06-03 00:00:00+00:00,11.313186813186814,
2025-06-04 00:00:00+00:00,11.125,
2025-06-05 00:00:00+00:00,11.917021276595746,
2025-06-06 00:00:00+00:00,13.102083333333333,
2025-06-07 00:00:00+00:00,14.213541666666666,
2025-06-08 00:00:00+00:00,12.8375,
2025-06-09 00:00:00+00:00,12.336842105263157,
2025-06-10 00:00:00+00:00,12.81578947368421,
2025-06-11 00:00:00+00:00,12.55684210526316,
2025-06-12 00:00:00+00:00,12.90989010989011,
2025-06-13 00:00:00+00:00,13.560416666666667,
2025-06-14 00:00:00+00:00,15.298958333333333,
2025-06-15 00:00:00+00:00,16.140625,
2025-06-16 00:00:00+00:00,15.782291666666666,
2025-06-17 00:00:00+00:00,15.926041666666668,
2025-06-18 00:00:00+00:00,16.021052631578947,
2025-06-19 00:00:00+00:00,16.095833333333335,
2025-06-20 00:00:00+00:00,15.941489361702128,
2025-06-21 00:00:00+00:00,16.154166666666665,
2025-06-22 00:00:00+00:00,17.251041666666666,
2025-06-23 00:00:00+00:00,17.720833333333335,
2025-06-24 00:00:00+00:00,18.271578947368422,
2025-06-25 00:00:00+00:00,18.168817204301074,
2025-06-26 00:00:00+00:00,19.263440860215052,
2025-06-27 00:00:00+00:00,20.287499999999998,
2025-06-28 00:00:00+00:00,19.533333333333335,
2025-06-29 00:00:00+00:00,19.18,
2025-06-30 00:00:00+00:00,18.40625,
2025-07-01 00:00:00+00:00,18.802105263157895,
2025-07-02 00:00:00+00:00,17.833333333333332,
2025-07-03 00:00:00+00:00,17.220833333333335,
2025-07-04 00:00:00+00:00,16.748421052631578,
2025-07-05 00:00:00+00:00,16.765625,
2025-07-06 00:00:00+00:00,17.978125000000002,
2025-07-07 00:00:00+00:00,19.650000000000002,
2025-07-08 00:00:00+00:00,19.7031914893617,
2025-07-09 00:00:00+00:00,19.471875,
2025-07-10 00:00:00+00:00,20.655208333333334,
2025-07-11 00:00:00+00:00,21.150000000000002,
2025-07-12 00:00:00+00:00,21.77916666666667,
2025-07-13 00:00:00+00:00,22.137634408602153,
2025-07-14 00:00:00+00:00,22.353125000000002,
2025-07-15 00:00:00+00:00,21.175789473684212,
2025-07-16 00:00:00+00:00,21.088541666666668,
2025-07-17 00:00:00+00:00,21.54421052631579,
2025-07-18 00:00:00+00:00,20.426041666666666,
2025-07-19 00:00:00+00:00,20.83125,
2025-07-20 00:00:00+00:00,22.087500000000002,
2025-07-21 00:00:00+00:00,21.847916666666666,
2025-07-22 00:00:00+00:00,22.09166666666667,
2025-07-23 00:00:00+00:00,22.603157894736842,
2025-07-24 00:00:00+00:00,23.202083333333334,
2025-07-25 00:00:00+00:00,23.116666666666664,
2025-07-26 00:00:00+00:00,22.996875,
2025-07-27 00:00:00+00:00,23.757291666666664,
2025-07-28 00:00:00+00:00,23.157894736842106,
2025-07-29 00:00:00+00:00,22.461052631578948,
2025-07-30 00:00:00+00:00,22.023958333333336,
2025-07-31 00:00:00+00:00,21.227659574468085,
2025-08-01 00:00:00+00:00,20.6375,
2025-08-02 00:00:00+00:00,19.6125,
2025-08-03 00:00:00+00:00,18.82842105263158,
2025-08-04 00:00:00+00:00,19.415625000000002,
2025-08-05 00:00:00+00:00,19.313541666666666,
2025-08-06 00:00:00+00:00,20.318749999999998,
2025-08-07 00:00:00+00:00,21.269565217391303,
2025-08-08 00:00:00+00:00,21.729166666666668,
2025-08-09 00:00:00+00:00,22.385416666666668,
2025-08-10 00:00:00+00:00,22.83157894736842,
2025-08-11 00:00:00+00:00,23.12708333333333,
2025-08-12 00:00:00+00:00,23.130851063829788,
2025-08-13 00:00:00+00:00,23.540000000000003,
2025-08-14 00:00:00+00:00,23.32604166666667,
2025-08-15 00:00:00+00:00,22.730208333333334,
2025-08-16 00:00:00+00:00,22.93541666666667,
2025-08-17 00:00:00+00:00,23.176041666666666,
2025-08-18 00:00:00+00:00,22.257291666666664,
2025-08-19 00:00:00+00:00,23.4875,
2025-08-20 00:00:00+00:00,23.88854166666667,
2025-08-21 00:00:00+00:00,24.15212765957447,
2025-08-22 00:00:00+00:00,24.261458333333334,
2025-08-23 00:00:00+00:00,23.830851063829787,
2025-08-24 00:00:00+00:00,23.732631578947366,
2025-08-25 00:00:00+00:00,23.563541666666666,0.0
2025-08-26 00:00:00+00:00,23.09578947368421,0.0
2025-08-27 00:00:00+00:00,22.321875000000002,0.0
2025-08-28 00:00:00+00:00,22.292708333333334,0.0
2025-08-29 00:00:00+00:00,23.099999999999998,0.0
2025-08-30 00:00:00+00:00,21.805208333333336,0.0
2025-08-31 00:00:00+00:00,21.693749999999998,0.0
2025-09-01 00:00:00+00:00,21.108333333333334,0.0
2025-09-02 00:00:00+00:00,21.654255319148938,0.0
2025-09-03 00:00:00+00:00,21.595698924731185,0.0
2025-09-04 00:00:00+00:00,22.803124999999998,0.006
2025-09-05 00:00:00+00:00,23.076595744680848,0.194
2025-09-06 00:00:00+00:00,22.841052631578947,0.492
2025-09-07 00:00:00+00:00,21.926041666666666,0.233
2025-09-08 00:00:00+00:00,22.348958333333332,0.0
2025-09-09 00:00:00+00:00,22.844791666666666,0.0
2025-09-10 00:00:00+00:00,23.279787234042555,0.001
2025-09-11 00:00:00+00:00,23.751578947368422,0.0
2025-09-12 00:00:00+00:00,23.56382978723404,0.0
2025-09-13 00:00:00+00:00,23.827659574468086,0.0
2025-09-14 00:00:00+00:00,23.579166666666666,0.0
2025-09-15 00:00:00+00:00,22.70104166666667,0.0
2025-09-16 00:00:00+00:00,23.121052631578948,0.0
2025-09-17 00:00:00+00:00,23.49578947368421,0.003
2025-09-18 00:00:00+00:00,23.35684210526316,0.0
2025-09-19 00:00:00+00:00,23.45,0.0
2025-09-20 00:00:00+00:00,23.78333333333333,0.0
2025-09-21 00:00:00+00:00,24.112631578947365,0.0
2025-09-22 00:00:00+00:00,24.118947368421054,0.0
2025-09-23 00:00:00+00:00,24.188541666666666,0.0
2025-09-24 00:00:00+00:00,23.946875000000002,0.0
2025-09-25 00:00:00+00:00,24.226315789473684,0.063
2025-09-26 00:00:00+00:00,23.0625,0.0
2025-09-27 00:00:00+00:00,22.01354166666667,0.0
2025-09-28 00:00:00+00:00,22.402105263157893,0.048
2025-09-29 00:00:00+00:00,21.095698924731185,0.0
2025-09-30 00:00:00+00:00,21.028125,0.0
2025-10-01 00:00:00+00:00,21.85698924731183,0.0
2025-10-02 00:00:00+00:00,21.769791666666666,0.0
2025-10-03 00:00:00+00:00,21.614583333333332,0.0
2025-10-04 00:00:00+00:00,22.780208333333334,0.0
2025-10-05 00:00:00+00:00,23.495744680851065,0.0
2025-10-06 00:00:00+00:00,23.77052631578947,0.0
2025-10-07 00:00:00+00:00,23.934375,0.0
2025-10-08 00:00:00+00:00,24.176041666666666,0.072
2025-10-09 00:00:00+00:00,23.626373626373628,0.0
2025-10-10 00:00:00+00:00,24.263157894736842,0.0
2025-10-11 00:00:00+00:00,24.567021276595746,0.003
2025-10-12 00:00:00+00:00,24.678947368421053,0.057
2025-10-13 00:00:00+00:00,25.20104166666667,0.435
2025-10-14 00:00:00+00:00,22.235416666666666,0.0
2025-10-15 00:00:00+00:00,22.06458333333333,0.0
2025-10-16 00:00:00+00:00,22.349999999999998,0.0
2025-10-17 00:00:00+00:00,23.134375000000002,0.0
2025-10-18 00:00:00+00:00,24.5125,0.0
2025-10-19 00:00:00+00:00,24.49473684210526,0.0
2025-10-20 00:00:00+00:00,24.741666666666664,0.021
2025-10-21 00:00:00+00:00,23.237894736842104,0.0
2025-10-22 00:00:00+00:00,23.958333333333332,0.099
2025-10-23 00:00:00+00:00,23.530526315789476,0.0
2025-10-24 00:00:00+00:00,22.476041666666664,0.0
2025-10-25 00:00:00+00:00,22.418947368421055,0.0
2025-10-26 00:00:00+00:00,22.506382978723405,0.0
2025-10-27 00:00:00+00:00,22.175531914893618,0.0
2025-10-28 00:00:00+00:00,22.383333333333336,0.0
2025-10-29 00:00:00+00:00,23.676041666666666,0.0
2025-10-30 00:00:00+00:00,23.534375,1.008
2025-10-31 00:00:00+00:00,20.444791666666667,0.002
2025-11-01 00:00:00+00:00,16.560416666666665,0.0
2025-11-02 00:00:00+00:00,20.20421052631579,0.0
2025-11-03 00:00:00+00:00,22.693684210526317,0.0
2025-11-04 00:00:00+00:00,21.958333333333332,0.001
2025-11-05 00:00:00+00:00,22.290526315789474,0.0
2025-11-06 00:00:00+00:00,21.93958333333333,0.001
2025-11-07 00:00:00+00:00,23.02916666666667,0.0
2025-11-08 00:00:00+00:00,24.071578947368423,0.04
2025-11-09 00:00:00+00:00,23.44787234042553,0.048
2025-11-10 00:00:00+00:00,23.2375,0.072
2025-11-11 00:00:00+00:00,19.8625,0.003
2025-11-12 00:00:00+00:00,19.00315789473684,0.0
2025-11-13 00:00:00+00:00,19.7,0.014
2025-11-14 00:00:00+00:00,20.333684210526318,0.0
2025-11-15 00:00:00+00:00,21.479166666666668,0.0
2025-11-16 00:00:00+00:00,22.085416666666664,0.03
2025-11-17 00:00:00+00:00,17.785416666666666,0.003
2025-11-18 00:00:00+00:00,18.753125,0.0
2025-11-19 00:00:00+00:00,21.54842105263158,0.083
2025-11-20 00:00:00+00:00,21.396874999999998,0.0
2025-11-21 00:00:00+00:00,21.646874999999998,0.0
2025-11-22 00:00:00+00:00,21.916666666666668,0.039
2025-11-23 00:00:00+00:00,21.33157894736842,0.0
2025-11-24 00:00:00+00:00,20.167708333333334,0.0
2025-11-25 00:00:00+00:00,21.270833333333332,0.026000000000000002
2025-11-26 00:00:00+00:00,21.83157894736842,0.224
2025-11-27 00:00:00+00:00,19.48125,0.047
2025-11-28 00:00:00+00:00,19.498947368421053,0.0
2025-11-29 00:00:00+00:00,17.412499999999998,0.0
2025-11-30 00:00:00+00:00,21.104166666666668,0.014
2025-12-01 00:00:00+00:00,21.423655913978497,0.0
2025-12-02 00:00:00+00:00,22.35578947368421,0.191
2025-12-03 00:00:00+00:00,22.599999999999998,0.0
2025-12-04 00:00:00+00:00,23.242105263157896,0.0
2025-12-05 00:00:00+00:00,21.142105263157895,0.001
2025-12-06 00:00:00+00:00,24.120212765957447,0.002
2025-12-07 00:00:00+00:00,23.77263157894737,0.0
2025-12-08 00:00:00+00:00,22.6375,0.0
2025-12-09 00:00:00+00:00,22.795238095238094,0.0
2025-12-10 00:00:00+00:00,24.248421052631578,0.02
2025-12-11 00:00:00+00:00,21.79479166666667,0.009000000000000001
2025-12-12 00:00:00+00:00,18.841666666666665,0.0
2025-12-13 00:00:00+00:00,20.257894736842104,0.0
2025-12-14 00:00:00+00:00,22.758666666666667,0.001
2025-12-15 00:00:00+00:00,,0.0
2025-12-16 00:00:00+00:00,21.108333333333334,0.0
2025-12-17 00:00:00+00:00,24.40833333333333,0.001
2025-12-18 00:00:00+00:00,,0.0
2025-12-19 00:00:00+00:00,,0.659
2025-12-20 00:00:00+00:00,,0.0
2025-12-21 00:00:00+00:00,,0.0
2025-12-22 00:00:00+00:00,,0.0
2025-12-23 00:00:00+00:00,,0.045
2025-12-24 00:00:00+00:00,,0.001
2025-12-25 00:00:00+00:00,,0.001
2025-12-26 00:00:00+00:00,,0.002
2025-12-27 00:00:00+00:00,,0.105
2025-12-28 00:00:00+00:00,,0.018
2025-12-29 00:00:00+00:00,,0.0
2025-12-30 00:00:00+00:00,,0.007
2025-12-31 00:00:00+00:00,,0.001
2026-01-01 00:00:00+00:00,,0.006
2026-01-02 00:00:00+00:00,,0.0
2026-01-03 00:00:00+00:00,,0.0
2026-01-04 00:00:00+00:00,,0.0
2026-01-05 00:00:00+00:00,,0.0
2026-01-06 00:00:00+00:00,,0.0
2026-01-07 00:00:00+00:00,,0.0
