date_utc,salinity
2019-07-30 00:00:00+00:00,20.152631578947368
2019-07-31 00:00:00+00:00,22.03684210526316
2019-08-01 00:00:00+00:00,21.949473684210524
2019-08-02 00:00:00+00:00,22.37263157894737
2019-08-03 00:00:00+00:00,22.978947368421053
2019-08-04 00:00:00+00:00,22.829166666666666
2019-08-05 00:00:00+00:00,22.319791666666664
2019-08-06 00:00:00+00:00,22.561702127659576
2019-08-07 00:00:00+00:00,22.620833333333334
2019-08-08 00:00:00+00:00,22.236842105263158
2019-08-09 00:00:00+00:00,21.236458333333335
2019-08-10 00:00:00+00:00,20.323958333333334
2019-08-11 00:00:00+00:00,20.28125
2019-08-12 00:00:00+00:00,20.620430107526882
2019-08-13 00:00:00+00:00,22.02947368421053
2019-08-14 00:00:00+00:00,22.228125000000002
2019-08-15 00:00:00+00:00,22.562105263157896
2019-08-16 00:00:00+00:00,23.009375000000002
2019-08-17 00:00:00+00:00,22.570526315789472
2019-08-18 00:00:00+00:00,21.969791666666666
2019-08-19 00:00:00+00:00,21.411458333333332
2019-08-20 00:00:00+00:00,20.51875
2019-08-21 00:00:00+00:00,20.668817204301074
2019-08-22 00:00:00+00:00,19.743750000000002
2019-08-23 00:00:00+00:00,17.823958333333334
2019-08-24 00:00:00+00:00,17.99578947368421
2019-08-25 00:00:00+00:00,19.441666666666666
2019-08-26 00:00:00+00:00,20.469791666666666
2019-08-27 00:00:00+00:00,20.721875
2019-08-28 00:00:00+00:00,21.830526315789474
2019-08-29 00:00:00+00:00,21.976041666666664
2019-08-30 00:00:00+00:00,22.354166666666668
2019-08-31 00:00:00+00:00,22.311458333333334
2019-09-01 00:00:00+00:00,22.862105263157897
2019-09-02 00:00:00+00:00,23.542708333333334
2019-09-03 00:00:00+00:00,22.934736842105266
2019-09-04 00:00:00+00:00,22.493750000000002
2019-09-05 00:00:00+00:00,20.988541666666666
2019-09-06 00:00:00+00:00,21.369473684210526
2019-09-07 00:00:00+00:00,21.644791666666666
2019-09-08 00:00:00+00:00,20.181250000000002
2019-09-09 00:00:00+00:00,18.471875
2019-09-10 00:00:00+00:00,20.171875
2019-09-11 00:00:00+00:00,20.723958333333332
2019-09-12 00:00:00+00:00,20.176041666666666
2019-09-13 00:00:00+00:00,20.662499999999998
2019-09-14 00:00:00+00:00,20.140425531914893
2019-09-15 00:00:00+00:00,18.560416666666665
2019-09-16 00:00:00+00:00,17.597894736842104
2019-09-17 00:00:00+00:00,16.989473684210527
2019-09-18 00:00:00+00:00,15.858510638297872
2019-09-19 00:00:00+00:00,17.486458333333335
2019-09-20 00:00:00+00:00,16.382105263157893
2019-09-21 00:00:00+00:00,14.67157894736842
2019-09-22 00:00:00+00:00,13.56875
2019-09-23 00:00:00+00:00,12.259574468085107
2019-09-24 00:00:00+00:00,10.63125
2019-09-25 00:00:00+00:00,11.32
2019-09-26 00:00:00+00:00,11.080208333333333
2019-09-27 00:00:00+00:00,10.126315789473685
2019-09-28 00:00:00+00:00,15.236842105263158
2019-09-29 00:00:00+00:00,16.93578947368421
2019-09-30 00:00:00+00:00,18.940625
2019-10-01 00:00:00+00:00,19.451041666666665
2019-10-02 00:00:00+00:00,18.202105263157897
2019-10-03 00:00:00+00:00,17.104166666666668
2019-10-04 00:00:00+00:00,14.826041666666667
2019-10-05 00:00:00+00:00,13.219791666666666
2019-10-06 00:00:00+00:00,13.648958333333333
2019-10-07 00:00:00+00:00,14.645833333333334
2019-10-08 00:00:00+00:00,12.942105263157895
2019-10-09 00:00:00+00:00,12.416842105263157
2019-10-10 00:00:00+00:00,11.485263157894735
2019-10-11 00:00:00+00:00,11.309473684210527
2019-10-12 00:00:00+00:00,10.570212765957447
2019-10-13 00:00:00+00:00,8.914583333333333
2019-10-14 00:00:00+00:00,10.108421052631579
2019-10-15 00:00:00+00:00,11.17263157894737
2019-10-16 00:00:00+00:00,10.020833333333334
2019-10-17 00:00:00+00:00,8.771739130434783
2019-10-18 00:00:00+00:00,6.563541666666667
2019-10-19 00:00:00+00:00,7.129166666666666
2019-10-20 00:00:00+00:00,7.155421686746988
2019-10-21 00:00:00+00:00,7.944680851063829
2019-10-22 00:00:00+00:00,7.590000000000001
2019-10-23 00:00:00+00:00,
2019-10-24 00:00:00+00:00,19.12
2019-10-25 00:00:00+00:00,18.120833333333334
2019-10-26 00:00:00+00:00,19.09375
2019-10-27 00:00:00+00:00,20.90421052631579
2019-10-28 00:00:00+00:00,18.82
2019-10-29 00:00:00+00:00,19.219791666666666
2019-10-30 00:00:00+00:00,17.327272727272724
2019-10-31 00:00:00+00:00,
2019-11-01 00:00:00+00:00,10.458823529411765
2019-11-02 00:00:00+00:00,8.013043478260869
2019-11-03 00:00:00+00:00,6.022222222222222
2019-11-04 00:00:00+00:00,5.9711864406779664
2019-11-05 00:00:00+00:00,5.1194444444444445
2019-11-06 00:00:00+00:00,7.451428571428572
2019-11-07 00:00:00+00:00,7.5162162162162165
2019-11-08 00:00:00+00:00,9.299999999999999
2019-11-09 00:00:00+00:00,13.451612903225806
2019-11-10 00:00:00+00:00,16.81714285714286
2019-11-11 00:00:00+00:00,17.142424242424244
2019-11-12 00:00:00+00:00,18.933333333333334
2019-11-13 00:00:00+00:00,16.212903225806453
2019-11-14 00:00:00+00:00,18.79767441860465
2019-11-15 00:00:00+00:00,20.006666666666668
2019-11-16 00:00:00+00:00,19.206976744186047
2019-11-17 00:00:00+00:00,19.835897435897436
2019-11-18 00:00:00+00:00,
2019-11-19 00:00:00+00:00,
2019-11-20 00:00:00+00:00,
2019-11-21 00:00:00+00:00,18.248148148148147
2019-11-22 00:00:00+00:00,
2019-11-23 00:00:00+00:00,15.922222222222224
2019-11-24 00:00:00+00:00,
2019-11-25 00:00:00+00:00,14.968181818181819
2019-11-26 00:00:00+00:00,16.179310344827584
2019-11-27 00:00:00+00:00,17.21
2019-11-28 00:00:00+00:00,
2019-11-29 00:00:00+00:00,17.554166666666667
2019-11-30 00:00:00+00:00,15.36969696969697
2019-12-01 00:00:00+00:00,11.166666666666666
2019-12-02 00:00:00+00:00,
2019-12-03 00:00:00+00:00,14.566666666666668
2019-12-04 00:00:00+00:00,
2019-12-05 00:00:00+00:00,
2019-12-06 00:00:00+00:00,
2019-12-07 00:00:00+00:00,15.415999999999999
2019-12-08 00:00:00+00:00,16.3
2019-12-09 00:00:00+00:00,
2019-12-10 00:00:00+00:00,
2019-12-11 00:00:00+00:00,
2019-12-12 00:00:00+00:00,14.523529411764706
2019-12-13 00:00:00+00:00,
2019-12-14 00:00:00+00:00,
2019-12-15 00:00:00+00:00,
2019-12-16 00:00:00+00:00,
2019-12-17 00:00:00+00:00,
2019-12-18 00:00:00+00:00,
2019-12-19 00:00:00+00:00,9.0875
2019-12-20 00:00:00+00:00,13.086206896551724
2019-12-21 00:00:00+00:00,13.905882352941177
2019-12-22 00:00:00+00:00,16.766666666666666
2019-12-23 00:00:00+00:00,17.205882352941178
2019-12-24 00:00:00+00:00,17.335714285714285
2019-12-25 00:00:00+00:00,18.962962962962962
2019-12-26 00:00:00+00:00,19.3375
2019-12-27 00:00:00+00:00,
2019-12-28 00:00:00+00:00,18.85
2019-12-29 00:00:00+00:00,
2019-12-30 00:00:00+00:00,
2019-12-31 00:00:00+00:00,
2020-01-01 00:00:00+00:00,
2020-01-02 00:00:00+00:00,
2020-01-03 00:00:00+00:00,
2020-01-04 00:00:00+00:00,
2020-01-05 00:00:00+00:00,
2020-01-06 00:00:00+00:00,
2020-01-07 00:00:00+00:00,15.357142857142858
2020-01-08 00:00:00+00:00,17.197894736842105
2020-01-09 00:00:00+00:00,14.620833333333332
2020-01-10 00:00:00+00:00,19.539130434782606
2020-01-11 00:00:00+00:00,20.46276595744681
2020-01-12 00:00:00+00:00,19.921875
2020-01-13 00:00:00+00:00,17.320833333333333
2020-01-14 00:00:00+00:00,18.025263157894738
2020-01-15 00:00:00+00:00,16.99157894736842
2020-01-16 00:00:00+00:00,14.723958333333334
2020-01-17 00:00:00+00:00,10.9625
2020-01-18 00:00:00+00:00,18.323958333333334
2020-01-19 00:00:00+00:00,16.842708333333334
2020-01-20 00:00:00+00:00,12.891891891891891
2020-01-21 00:00:00+00:00,17.159259259259258
2020-01-22 00:00:00+00:00,18.398076923076925
2020-01-23 00:00:00+00:00,17.685416666666665
2020-01-24 00:00:00+00:00,19.75
2020-01-25 00:00:00+00:00,
2020-01-26 00:00:00+00:00,
2020-01-27 00:00:00+00:00,
2020-01-28 00:00:00+00:00,
2020-01-29 00:00:00+00:00,16.353846153846153
2020-01-30 00:00:00+00:00,15.131428571428572
2020-01-31 00:00:00+00:00,11.74
2020-02-01 00:00:00+00:00,
2020-02-02 00:00:00+00:00,
2020-02-03 00:00:00+00:00,15.780000000000001
2020-02-04 00:00:00+00:00,17.45
2020-02-05 00:00:00+00:00,
2020-02-06 00:00:00+00:00,
2020-02-07 00:00:00+00:00,
2020-02-08 00:00:00+00:00,
2020-02-09 00:00:00+00:00,21.96666666666667
2020-02-10 00:00:00+00:00,
2020-02-11 00:00:00+00:00,
2020-02-12 00:00:00+00:00,21.733333333333334
2020-02-13 00:00:00+00:00,
2020-02-14 00:00:00+00:00,14.0
2020-02-15 00:00:00+00:00,15.330645161290322
2020-02-16 00:00:00+00:00,14.375862068965516
2020-02-17 00:00:00+00:00,15.896666666666667
2020-02-18 00:00:00+00:00,13.365517241379312
2020-02-19 00:00:00+00:00,12.436666666666667
2020-02-20 00:00:00+00:00,11.586842105263159
2020-02-21 00:00:00+00:00,18.0
2020-02-22 00:00:00+00:00,
2020-02-23 00:00:00+00:00,
2020-02-24 00:00:00+00:00,
2020-02-25 00:00:00+00:00,
2020-02-26 00:00:00+00:00,
2020-02-27 00:00:00+00:00,
2020-02-28 00:00:00+00:00,
2020-02-29 00:00:00+00:00,
2020-03-01 00:00:00+00:00,
2020-03-02 00:00:00+00:00,
2020-03-03 00:00:00+00:00,
2020-03-04 00:00:00+00:00,
2020-03-05 00:00:00+00:00,
2020-03-06 00:00:00+00:00,
2020-03-07 00:00:00+00:00,
2020-03-08 00:00:00+00:00,
2020-03-09 00:00:00+00:00,
2020-03-10 00:00:00+00:00,
2020-03-11 00:00:00+00:00,
2020-03-12 00:00:00+00:00,
2020-03-13 00:00:00+00:00,
2020-03-14 00:00:00+00:00,
2020-03-15 00:00:00+00:00,
2020-03-16 00:00:00+00:00,
2020-03-17 00:00:00+00:00,
2020-03-18 00:00:00+00:00,
2020-03-19 00:00:00+00:00,
2020-03-20 00:00:00+00:00,
2020-03-21 00:00:00+00:00,
2020-03-22 00:00:00+00:00,
2020-03-23 00:00:00+00:00,
2020-03-24 00:00:00+00:00,
2020-03-25 00:00:00+00:00,
2020-03-26 00:00:00+00:00,
2020-03-27 00:00:00+00:00,
2020-03-28 00:00:00+00:00,
2020-03-29 00:00:00+00:00,
2020-03-30 00:00:00+00:00,
2020-03-31 00:00:00+00:00,
2020-04-01 00:00:00+00:00,
2020-04-02 00:00:00+00:00,
2020-04-03 00:00:00+00:00,
2020-04-04 00:00:00+00:00,
2020-04-05 00:00:00+00:00,
2020-04-06 00:00:00+00:00,
2020-04-07 00:00:00+00:00,
2020-04-08 00:00:00+00:00,
2020-04-09 00:00:00+00:00,
2020-04-10 00:00:00+00:00,
2020-04-11 00:00:00+00:00,
2020-04-12 00:00:00+00:00,
2020-04-13 00:00:00+00:00,
2020-04-14 00:00:00+00:00,
2020-04-15 00:00:00+00:00,
2020-04-16 00:00:00+00:00,
2020-04-17 00:00:00+00:00,
2020-04-18 00:00:00+00:00,
2020-04-19 00:00:00+00:00,
2020-04-20 00:00:00+00:00,
2020-04-21 00:00:00+00:00,
2020-04-22 00:00:00+00:00,
2020-04-23 00:00:00+00:00,
2020-04-24 00:00:00+00:00,
2020-04-25 00:00:00+00:00,
2020-04-26 00:00:00+00:00,
2020-04-27 00:00:00+00:00,
2020-04-28 00:00:00+00:00,
2020-04-29 00:00:00+00:00,
2020-04-30 00:00:00+00:00,
2020-05-01 00:00:00+00:00,
2020-05-02 00:00:00+00:00,
2020-05-03 00:00:00+00:00,
2020-05-04 00:00:00+00:00,
2020-05-05 00:00:00+00:00,
2020-05-06 00:00:00+00:00,
2020-05-07 00:00:00+00:00,
2020-05-08 00:00:00+00:00,
2020-05-09 00:00:00+00:00,
2020-05-10 00:00:00+00:00,
2020-05-11 00:00:00+00:00,
2020-05-12 00:00:00+00:00,
2020-05-13 00:00:00+00:00,
2020-05-14 00:00:00+00:00,
2020-05-15 00:00:00+00:00,
2020-05-16 00:00:00+00:00,
2020-05-17 00:00:00+00:00,
2020-05-18 00:00:00+00:00,
2020-05-19 00:00:00+00:00,
2020-05-20 00:00:00+00:00,
2020-05-21 00:00:00+00:00,
2020-05-22 00:00:00+00:00,
2020-05-23 00:00:00+00:00,
2020-05-24 00:00:00+00:00,
2020-05-25 00:00:00+00:00,
2020-05-26 00:00:00+00:00,
2020-05-27 00:00:00+00:00,
2020-05-28 00:00:00+00:00,
2020-05-29 00:00:00+00:00,
2020-05-30 00:00:00+00:00,
2020-05-31 00:00:00+00:00,
2020-06-01 00:00:00+00:00,
2020-06-02 00:00:00+00:00,
2020-06-03 00:00:00+00:00,
2020-06-04 00:00:00+00:00,
2020-06-05 00:00:00+00:00,
2020-06-06 00:00:00+00:00,
2020-06-07 00:00:00+00:00,
2020-06-08 00:00:00+00:00,
2020-06-09 00:00:00+00:00,
2020-06-10 00:00:00+00:00,
2020-06-11 00:00:00+00:00,
2020-06-12 00:00:00+00:00,
2020-06-13 00:00:00+00:00,
2020-06-14 00:00:00+00:00,
2020-06-15 00:00:00+00:00,
2020-06-16 00:00:00+00:00,
2020-06-17 00:00:00+00:00,
2020-06-18 00:00:00+00:00,
2020-06-19 00:00:00+00:00,
2020-06-20 00:00:00+00:00,
2020-06-21 00:00:00+00:00,
2020-06-22 00:00:00+00:00,
2020-06-23 00:00:00+00:00,
2020-06-24 00:00:00+00:00,
2020-06-25 00:00:00+00:00,
2020-06-26 00:00:00+00:00,
2020-06-27 00:00:00+00:00,
2020-06-28 00:00:00+00:00,
2020-06-29 00:00:00+00:00,
2020-06-30 00:00:00+00:00,
2020-07-01 00:00:00+00:00,
2020-07-02 00:00:00+00:00,
2020-07-03 00:00:00+00:00,
2020-07-04 00:00:00+00:00,
2020-07-05 00:00:00+00:00,
2020-07-06 00:00:00+00:00,
2020-07-07 00:00:00+00:00,
2020-07-08 00:00:00+00:00,
2020-07-09 00:00:00+00:00,
2020-07-10 00:00:00+00:00,
2020-07-11 00:00:00+00:00,
2020-07-12 00:00:00+00:00,
2020-07-13 00:00:00+00:00,
2020-07-14 00:00:00+00:00,
2020-07-15 00:00:00+00:00,
2020-07-16 00:00:00+00:00,
2020-07-17 00:00:00+00:00,
2020-07-18 00:00:00+00:00,
2020-07-19 00:00:00+00:00,
2020-07-20 00:00:00+00:00,
2020-07-21 00:00:00+00:00,
2020-07-22 00:00:00+00:00,
2020-07-23 00:00:00+00:00,
2020-07-24 00:00:00+00:00,
2020-07-25 00:00:00+00:00,
2020-07-26 00:00:00+00:00,
2020-07-27 00:00:00+00:00,
2020-07-28 00:00:00+00:00,
2020-07-29 00:00:00+00:00,
2020-07-30 00:00:00+00:00,
2020-07-31 00:00:00+00:00,
2020-08-01 00:00:00+00:00,
2020-08-02 00:00:00+00:00,
2020-08-03 00:00:00+00:00,
2020-08-04 00:00:00+00:00,
2020-08-05 00:00:00+00:00,
2020-08-06 00:00:00+00:00,
2020-08-07 00:00:00+00:00,
2020-08-08 00:00:00+00:00,
2020-08-09 00:00:00+00:00,
2020-08-10 00:00:00+00:00,
2020-08-11 00:00:00+00:00,
2020-08-12 00:00:00+00:00,
2020-08-13 00:00:00+00:00,
2020-08-14 00:00:00+00:00,
2020-08-15 00:00:00+00:00,
2020-08-16 00:00:00+00:00,
2020-08-17 00:00:00+00:00,
2020-08-18 00:00:00+00:00,
2020-08-19 00:00:00+00:00,
2020-08-20 00:00:00+00:00,
2020-08-21 00:00:00+00:00,
2020-08-22 00:00:00+00:00,
2020-08-23 00:00:00+00:00,
2020-08-24 00:00:00+00:00,
2020-08-25 00:00:00+00:00,
2020-08-26 00:00:00+00:00,
2020-08-27 00:00:00+00:00,
2020-08-28 00:00:00+00:00,
2020-08-29 00:00:00+00:00,
2020-08-30 00:00:00+00:00,
2020-08-31 00:00:00+00:00,
2020-09-01 00:00:00+00:00,
2020-09-02 00:00:00+00:00,
2020-09-03 00:00:00+00:00,
2020-09-04 00:00:00+00:00,
2020-09-05 00:00:00+00:00,
2020-09-06 00:00:00+00:00,
2020-09-07 00:00:00+00:00,
2020-09-08 00:00:00+00:00,
2020-09-09 00:00:00+00:00,
2020-09-10 00:00:00+00:00,
2020-09-11 00:00:00+00:00,
2020-09-12 00:00:00+00:00,
2020-09-13 00:00:00+00:00,
2020-09-14 00:00:00+00:00,
2020-09-15 00:00:00+00:00,
2020-09-16 00:00:00+00:00,
2020-09-17 00:00:00+00:00,
2020-09-18 00:00:00+00:00,
2020-09-19 00:00:00+00:00,
2020-09-20 00:00:00+00:00,
2020-09-21 00:00:00+00:00,
2020-09-22 00:00:00+00:00,
2020-09-23 00:00:00+00:00,
2020-09-24 00:00:00+00:00,
2020-09-25 00:00:00+00:00,
2020-09-26 00:00:00+00:00,
2020-09-27 00:00:00+00:00,
2020-09-28 00:00:00+00:00,
2020-09-29 00:00:00+00:00,
2020-09-30 00:00:00+00:00,
2020-10-01 00:00:00+00:00,
2020-10-02 00:00:00+00:00,
2020-10-03 00:00:00+00:00,
2020-10-04 00:00:00+00:00,
2020-10-05 00:00:00+00:00,
2020-10-06 00:00:00+00:00,
2020-10-07 00:00:00+00:00,
2020-10-08 00:00:00+00:00,21.188000000000002
2020-10-09 00:00:00+00:00,22.01645569620253
2020-10-10 00:00:00+00:00,23.135064935064936
2020-10-11 00:00:00+00:00,23.38481012658228
2020-10-12 00:00:00+00:00,24.648101265822785
2020-10-13 00:00:00+00:00,24.370454545454546
2020-10-14 00:00:00+00:00,22.917283950617282
2020-10-15 00:00:00+00:00,24.718309859154928
2020-10-16 00:00:00+00:00,24.509876543209877
2020-10-17 00:00:00+00:00,24.17972972972973
2020-10-18 00:00:00+00:00,23.96265060240964
2020-10-19 00:00:00+00:00,24.472602739726028
2020-10-20 00:00:00+00:00,24.452238805970147
2020-10-21 00:00:00+00:00,23.571951219512197
2020-10-22 00:00:00+00:00,22.996052631578948
2020-10-23 00:00:00+00:00,22.364285714285714
2020-10-24 00:00:00+00:00,22.979166666666668
2020-10-25 00:00:00+00:00,21.830864197530865
2020-10-26 00:00:00+00:00,23.383783783783784
2020-10-27 00:00:00+00:00,21.94473684210526
2020-10-28 00:00:00+00:00,22.014814814814816
2020-10-29 00:00:00+00:00,23.136363636363637
2020-10-30 00:00:00+00:00,22.294117647058822
2020-10-31 00:00:00+00:00,22.35625
2020-11-01 00:00:00+00:00,21.757291666666664
2020-11-02 00:00:00+00:00,18.926041666666666
2020-11-03 00:00:00+00:00,18.354166666666668
2020-11-04 00:00:00+00:00,21.056250000000002
2020-11-05 00:00:00+00:00,21.681250000000002
2020-11-06 00:00:00+00:00,20.828125
2020-11-07 00:00:00+00:00,20.53125
2020-11-08 00:00:00+00:00,20.806315789473683
2020-11-09 00:00:00+00:00,21.416666666666668
2020-11-10 00:00:00+00:00,21.229166666666668
2020-11-11 00:00:00+00:00,22.839130434782607
2020-11-12 00:00:00+00:00,23.29375
2020-11-13 00:00:00+00:00,23.84166666666667
2020-11-14 00:00:00+00:00,24.128125
2020-11-15 00:00:00+00:00,24.146315789473686
2020-11-16 00:00:00+00:00,24.177083333333332
2020-11-17 00:00:00+00:00,22.234883720930235
2020-11-18 00:00:00+00:00,20.71125
2020-11-19 00:00:00+00:00,22.367532467532467
2020-11-20 00:00:00+00:00,21.177500000000002
2020-11-21 00:00:00+00:00,19.653488372093022
2020-11-22 00:00:00+00:00,21.298765432098765
2020-11-23 00:00:00+00:00,21.545569620253165
2020-11-24 00:00:00+00:00,17.465853658536584
2020-11-25 00:00:00+00:00,20.26024096385542
2020-11-26 00:00:00+00:00,21.75875
2020-11-27 00:00:00+00:00,21.20897435897436
2020-11-28 00:00:00+00:00,21.25375
2020-11-29 00:00:00+00:00,20.11230769230769
2020-11-30 00:00:00+00:00,22.183333333333334
2020-12-01 00:00:00+00:00,22.014285714285712
2020-12-02 00:00:00+00:00,15.20625
2020-12-03 00:00:00+00:00,14.258620689655173
2020-12-04 00:00:00+00:00,15.456249999999999
2020-12-05 00:00:00+00:00,15.48955223880597
2020-12-06 00:00:00+00:00,12.3875
2020-12-07 00:00:00+00:00,16.342105263157894
2020-12-08 00:00:00+00:00,13.913684210526315
2020-12-09 00:00:00+00:00,18.232631578947366
2020-12-10 00:00:00+00:00,13.93375
2020-12-11 00:00:00+00:00,19.444791666666667
2020-12-12 00:00:00+00:00,17.535416666666666
2020-12-13 00:00:00+00:00,21.635416666666668
2020-12-14 00:00:00+00:00,19.88736842105263
2020-12-15 00:00:00+00:00,18.376470588235296
2020-12-16 00:00:00+00:00,20.015625
2020-12-17 00:00:00+00:00,19.211940298507464
2020-12-18 00:00:00+00:00,19.9021978021978
2020-12-19 00:00:00+00:00,20.709302325581394
2020-12-20 00:00:00+00:00,20.817021276595746
2020-12-21 00:00:00+00:00,20.25681818181818
2020-12-22 00:00:00+00:00,19.09
2020-12-23 00:00:00+00:00,14.977380952380951
2020-12-24 00:00:00+00:00,20.150602409638555
2020-12-25 00:00:00+00:00,24.81529411764706
2020-12-26 00:00:00+00:00,20.8
2020-12-27 00:00:00+00:00,8.535555555555556
2020-12-28 00:00:00+00:00,9.719277108433735
2020-12-29 00:00:00+00:00,9.217977528089888
2020-12-30 00:00:00+00:00,11.218181818181819
2020-12-31 00:00:00+00:00,13.73
2021-01-01 00:00:00+00:00,14.404444444444445
2021-01-02 00:00:00+00:00,16.802197802197803
2021-01-03 00:00:00+00:00,16.291397849462363
2021-01-04 00:00:00+00:00,18.627586206896552
2021-01-05 00:00:00+00:00,17.225490196078432
2021-01-06 00:00:00+00:00,16.636363636363637
2021-01-07 00:00:00+00:00,15.408045977011493
2021-01-08 00:00:00+00:00,16.35952380952381
2021-01-09 00:00:00+00:00,17.494999999999997
2021-01-10 00:00:00+00:00,19.66904761904762
2021-01-11 00:00:00+00:00,20.804444444444446
2021-01-12 00:00:00+00:00,22.075
2021-01-13 00:00:00+00:00,21.905813953488373
2021-01-14 00:00:00+00:00,22.588372093023256
2021-01-15 00:00:00+00:00,22.48076923076923
2021-01-16 00:00:00+00:00,24.314814814814813
2021-01-17 00:00:00+00:00,17.691176470588236
2021-01-18 00:00:00+00:00,16.145454545454545
2021-01-19 00:00:00+00:00,15.22906976744186
2021-01-20 00:00:00+00:00,16.400000000000002
2021-01-21 00:00:00+00:00,17.755555555555556
2021-01-22 00:00:00+00:00,17.753086419753085
2021-01-23 00:00:00+00:00,11.058461538461538
2021-01-24 00:00:00+00:00,11.910666666666666
2021-01-25 00:00:00+00:00,18.038202247191013
2021-01-26 00:00:00+00:00,20.28735632183908
2021-01-27 00:00:00+00:00,22.074626865671643
2021-01-28 00:00:00+00:00,21.135555555555555
2021-01-29 00:00:00+00:00,17.428125
2021-01-30 00:00:00+00:00,
2021-01-31 00:00:00+00:00,
2021-02-01 00:00:00+00:00,
2021-02-02 00:00:00+00:00,25.604545454545452
2021-02-03 00:00:00+00:00,23.6
2021-02-04 00:00:00+00:00,21.66792452830189
2021-02-05 00:00:00+00:00,21.516867469879518
2021-02-06 00:00:00+00:00,19.204347826086956
2021-02-07 00:00:00+00:00,19.59052631578947
2021-02-08 00:00:00+00:00,18.72051282051282
2021-02-09 00:00:00+00:00,22.42105263157895
2021-02-10 00:00:00+00:00,20.001470588235293
2021-02-11 00:00:00+00:00,23.918823529411764
2021-02-12 00:00:00+00:00,23.892957746478874
2021-02-13 00:00:00+00:00,24.22608695652174
2021-02-14 00:00:00+00:00,25.553571428571427
2021-02-15 00:00:00+00:00,22.30188679245283
2021-02-16 00:00:00+00:00,24.007142857142856
2021-02-17 00:00:00+00:00,17.65684210526316
2021-02-18 00:00:00+00:00,18.314893617021276
2021-02-19 00:00:00+00:00,22.01354166666667
2021-02-20 00:00:00+00:00,15.47578947368421
2021-02-21 00:00:00+00:00,17.839583333333334
2021-02-22 00:00:00+00:00,17.489583333333332
2021-02-23 00:00:00+00:00,20.307291666666668
2021-02-24 00:00:00+00:00,18.219791666666666
2021-02-25 00:00:00+00:00,22.353684210526314
2021-02-26 00:00:00+00:00,18.72421052631579
2021-02-27 00:00:00+00:00,23.712631578947367
2021-02-28 00:00:00+00:00,20.523958333333333
2021-03-01 00:00:00+00:00,22.755208333333332
2021-03-02 00:00:00+00:00,17.056250000000002
2021-03-03 00:00:00+00:00,17.368750000000002
2021-03-04 00:00:00+00:00,18.986458333333335
2021-03-05 00:00:00+00:00,16.253125
2021-03-06 00:00:00+00:00,18.846875
2021-03-07 00:00:00+00:00,16.961458333333333
2021-03-08 00:00:00+00:00,19.646315789473686
2021-03-09 00:00:00+00:00,17.520833333333332
2021-03-10 00:00:00+00:00,20.676041666666666
2021-03-11 00:00:00+00:00,18.384375000000002
2021-03-12 00:00:00+00:00,20.76276595744681
2021-03-13 00:00:00+00:00,15.617708333333333
2021-03-14 00:00:00+00:00,17.921875
2021-03-15 00:00:00+00:00,10.572631578947368
2021-03-16 00:00:00+00:00,19.0
2021-03-17 00:00:00+00:00,18.036458333333332
2021-03-18 00:00:00+00:00,12.130434782608695
2021-03-19 00:00:00+00:00,14.29
2021-03-20 00:00:00+00:00,14.91123595505618
2021-03-21 00:00:00+00:00,12.225842696629213
2021-03-22 00:00:00+00:00,13.55056179775281
2021-03-23 00:00:00+00:00,14.283333333333333
2021-03-24 00:00:00+00:00,15.555681818181819
2021-03-25 00:00:00+00:00,16.05421686746988
2021-03-26 00:00:00+00:00,16.936904761904763
2021-03-27 00:00:00+00:00,17.112903225806452
2021-03-28 00:00:00+00:00,19.385555555555555
2021-03-29 00:00:00+00:00,16.732499999999998
2021-03-30 00:00:00+00:00,
2021-03-31 00:00:00+00:00,
2021-04-01 00:00:00+00:00,
2021-04-02 00:00:00+00:00,
2021-04-03 00:00:00+00:00,
2021-04-04 00:00:00+00:00,
2021-04-05 00:00:00+00:00,
2021-04-06 00:00:00+00:00,
2021-04-07 00:00:00+00:00,
2021-04-08 00:00:00+00:00,
2021-04-09 00:00:00+00:00,
2021-04-10 00:00:00+00:00,
2021-04-11 00:00:00+00:00,
2021-04-12 00:00:00+00:00,
2021-04-13 00:00:00+00:00,
2021-04-14 00:00:00+00:00,
2021-04-15 00:00:00+00:00,
2021-04-16 00:00:00+00:00,
2021-04-17 00:00:00+00:00,
2021-04-18 00:00:00+00:00,
2021-04-19 00:00:00+00:00,
2021-04-20 00:00:00+00:00,
2021-04-21 00:00:00+00:00,
2021-04-22 00:00:00+00:00,
2021-04-23 00:00:00+00:00,
2021-04-24 00:00:00+00:00,
2021-04-25 00:00:00+00:00,
2021-04-26 00:00:00+00:00,
2021-04-27 00:00:00+00:00,
2021-04-28 00:00:00+00:00,
2021-04-29 00:00:00+00:00,
2021-04-30 00:00:00+00:00,
2021-05-01 00:00:00+00:00,
2021-05-02 00:00:00+00:00,
2021-05-03 00:00:00+00:00,
2021-05-04 00:00:00+00:00,
2021-05-05 00:00:00+00:00,
2021-05-06 00:00:00+00:00,
2021-05-07 00:00:00+00:00,
2021-05-08 00:00:00+00:00,
2021-05-09 00:00:00+00:00,
2021-05-10 00:00:00+00:00,
2021-05-11 00:00:00+00:00,
2021-05-12 00:00:00+00:00,
2021-05-13 00:00:00+00:00,
2021-05-14 00:00:00+00:00,
2021-05-15 00:00:00+00:00,
2021-05-16 00:00:00+00:00,
2021-05-17 00:00:00+00:00,
2021-05-18 00:00:00+00:00,
2021-05-19 00:00:00+00:00,
2021-05-20 00:00:00+00:00,
2021-05-21 00:00:00+00:00,
2021-05-22 00:00:00+00:00,
2021-05-23 00:00:00+00:00,
2021-05-24 00:00:00+00:00,
2021-05-25 00:00:00+00:00,
2021-05-26 00:00:00+00:00,
2021-05-27 00:00:00+00:00,
2021-05-28 00:00:00+00:00,
2021-05-29 00:00:00+00:00,
2021-05-30 00:00:00+00:00,
2021-05-31 00:00:00+00:00,
2021-06-01 00:00:00+00:00,
2021-06-02 00:00:00+00:00,
2021-06-03 00:00:00+00:00,
2021-06-04 00:00:00+00:00,
2021-06-05 00:00:00+00:00,
2021-06-06 00:00:00+00:00,
2021-06-07 00:00:00+00:00,
2021-06-08 00:00:00+00:00,
2021-06-09 00:00:00+00:00,
2021-06-10 00:00:00+00:00,
2021-06-11 00:00:00+00:00,
2021-06-12 00:00:00+00:00,
2021-06-13 00:00:00+00:00,
2021-06-14 00:00:00+00:00,
2021-06-15 00:00:00+00:00,
2021-06-16 00:00:00+00:00,
2021-06-17 00:00:00+00:00,
2021-06-18 00:00:00+00:00,
2021-06-19 00:00:00+00:00,
2021-06-20 00:00:00+00:00,
2021-06-21 00:00:00+00:00,
2021-06-22 00:00:00+00:00,
2021-06-23 00:00:00+00:00,
2021-06-24 00:00:00+00:00,
2021-06-25 00:00:00+00:00,
2021-06-26 00:00:00+00:00,
2021-06-27 00:00:00+00:00,
2021-06-28 00:00:00+00:00,
2021-06-29 00:00:00+00:00,
2021-06-30 00:00:00+00:00,
2021-07-01 00:00:00+00:00,
2021-07-02 00:00:00+00:00,
2021-07-03 00:00:00+00:00,
2021-07-04 00:00:00+00:00,
2021-07-05 00:00:00+00:00,
2021-07-06 00:00:00+00:00,
2021-07-07 00:00:00+00:00,
2021-07-08 00:00:00+00:00,
2021-07-09 00:00:00+00:00,
2021-07-10 00:00:00+00:00,
2021-07-11 00:00:00+00:00,
2021-07-12 00:00:00+00:00,
2021-07-13 00:00:00+00:00,
2021-07-14 00:00:00+00:00,
2021-07-15 00:00:00+00:00,
2021-07-16 00:00:00+00:00,
2021-07-17 00:00:00+00:00,
2021-07-18 00:00:00+00:00,
2021-07-19 00:00:00+00:00,
2021-07-20 00:00:00+00:00,
2021-07-21 00:00:00+00:00,
2021-07-22 00:00:00+00:00,
2021-07-23 00:00:00+00:00,
2021-07-24 00:00:00+00:00,
2021-07-25 00:00:00+00:00,
2021-07-26 00:00:00+00:00,
2021-07-27 00:00:00+00:00,
2021-07-28 00:00:00+00:00,
2021-07-29 00:00:00+00:00,
2021-07-30 00:00:00+00:00,
2021-07-31 00:00:00+00:00,
2021-08-01 00:00:00+00:00,
2021-08-02 00:00:00+00:00,
2021-08-03 00:00:00+00:00,
2021-08-04 00:00:00+00:00,
2021-08-05 00:00:00+00:00,
2021-08-06 00:00:00+00:00,
2021-08-07 00:00:00+00:00,
2021-08-08 00:00:00+00:00,
2021-08-09 00:00:00+00:00,
2021-08-10 00:00:00+00:00,
2021-08-11 00:00:00+00:00,
2021-08-12 00:00:00+00:00,
2021-08-13 00:00:00+00:00,
2021-08-14 00:00:00+00:00,
2021-08-15 00:00:00+00:00,
2021-08-16 00:00:00+00:00,
2021-08-17 00:00:00+00:00,
2021-08-18 00:00:00+00:00,
2021-08-19 00:00:00+00:00,
2021-08-20 00:00:00+00:00,
2021-08-21 00:00:00+00:00,
2021-08-22 00:00:00+00:00,
2021-08-23 00:00:00+00:00,
2021-08-24 00:00:00+00:00,
2021-08-25 00:00:00+00:00,
2021-08-26 00:00:00+00:00,
2021-08-27 00:00:00+00:00,
2021-08-28 00:00:00+00:00,
2021-08-29 00:00:00+00:00,
2021-08-30 00:00:00+00:00,
2021-08-31 00:00:00+00:00,
2021-09-01 00:00:00+00:00,
2021-09-02 00:00:00+00:00,
2021-09-03 00:00:00+00:00,
2021-09-04 00:00:00+00:00,
2021-09-05 00:00:00+00:00,
2021-09-06 00:00:00+00:00,
2021-09-07 00:00:00+00:00,
2021-09-08 00:00:00+00:00,
2021-09-09 00:00:00+00:00,
2021-09-10 00:00:00+00:00,
2021-09-11 00:00:00+00:00,
2021-09-12 00:00:00+00:00,
2021-09-13 00:00:00+00:00,
2021-09-14 00:00:00+00:00,
2021-09-15 00:00:00+00:00,
2021-09-16 00:00:00+00:00,
2021-09-17 00:00:00+00:00,18.338461538461537
2021-09-18 00:00:00+00:00,17.314736842105265
2021-09-19 00:00:00+00:00,17.451041666666665
2021-09-20 00:00:00+00:00,18.777083333333334
2021-09-21 00:00:00+00:00,19.476842105263156
2021-09-22 00:00:00+00:00,19.45684210526316
2021-09-23 00:00:00+00:00,20.908333333333335
2021-09-24 00:00:00+00:00,18.61263157894737
2021-09-25 00:00:00+00:00,15.01157894736842
2021-09-26 00:00:00+00:00,13.178125
2021-09-27 00:00:00+00:00,12.133684210526317
2021-09-28 00:00:00+00:00,11.566666666666668
2021-09-29 00:00:00+00:00,12.536458333333334
2021-09-30 00:00:00+00:00,14.680208333333333
2021-10-01 00:00:00+00:00,15.109375
2021-10-02 00:00:00+00:00,15.057894736842105
2021-10-03 00:00:00+00:00,17.017708333333335
2021-10-04 00:00:00+00:00,19.954166666666666
2021-10-05 00:00:00+00:00,19.45625
2021-10-06 00:00:00+00:00,18.479166666666668
2021-10-07 00:00:00+00:00,17.99473684210526
2021-10-08 00:00:00+00:00,18.0
2021-10-09 00:00:00+00:00,18.964583333333334
2021-10-10 00:00:00+00:00,19.59375
2021-10-11 00:00:00+00:00,18.742708333333333
2021-10-12 00:00:00+00:00,17.440625
2021-10-13 00:00:00+00:00,16.573958333333334
2021-10-14 00:00:00+00:00,17.230208333333334
2021-10-15 00:00:00+00:00,17.796875
2021-10-16 00:00:00+00:00,19.476041666666667
2021-10-17 00:00:00+00:00,18.625
2021-10-18 00:00:00+00:00,15.939583333333333
2021-10-19 00:00:00+00:00,15.863541666666668
2021-10-20 00:00:00+00:00,16.32659574468085
2021-10-21 00:00:00+00:00,18.354736842105265
2021-10-22 00:00:00+00:00,17.861052631578946
2021-10-23 00:00:00+00:00,16.778125
2021-10-24 00:00:00+00:00,15.99578947368421
2021-10-25 00:00:00+00:00,15.6
2021-10-26 00:00:00+00:00,16.409375
2021-10-27 00:00:00+00:00,10.92127659574468
2021-10-28 00:00:00+00:00,9.713541666666666
2021-10-29 00:00:00+00:00,9.037894736842105
2021-10-30 00:00:00+00:00,9.989583333333334
2021-10-31 00:00:00+00:00,8.793750000000001
2021-11-01 00:00:00+00:00,9.643749999999999
2021-11-02 00:00:00+00:00,12.81578947368421
2021-11-03 00:00:00+00:00,15.461458333333333
2021-11-04 00:00:00+00:00,16.188541666666666
2021-11-05 00:00:00+00:00,16.994791666666668
2021-11-06 00:00:00+00:00,17.390625
2021-11-07 00:00:00+00:00,16.961458333333333
2021-11-08 00:00:00+00:00,17.082291666666666
2021-11-09 00:00:00+00:00,15.885416666666666
2021-11-10 00:00:00+00:00,14.623958333333334
2021-11-11 00:00:00+00:00,14.466666666666667
2021-11-12 00:00:00+00:00,16.246315789473684
2021-11-13 00:00:00+00:00,14.403125000000001
2021-11-14 00:00:00+00:00,10.712631578947368
2021-11-15 00:00:00+00:00,11.15578947368421
2021-11-16 00:00:00+00:00,10.386315789473684
2021-11-17 00:00:00+00:00,11.696875
2021-11-18 00:00:00+00:00,13.990526315789472
2021-11-19 00:00:00+00:00,12.247916666666667
2021-11-20 00:00:00+00:00,13.101041666666667
2021-11-21 00:00:00+00:00,15.023958333333333
2021-11-22 00:00:00+00:00,14.11157894736842
2021-11-23 00:00:00+00:00,12.770833333333334
2021-11-24 00:00:00+00:00,13.066666666666668
2021-11-25 00:00:00+00:00,14.564583333333333
2021-11-26 00:00:00+00:00,15.762105263157896
2021-11-27 00:00:00+00:00,10.934375000000001
2021-11-28 00:00:00+00:00,15.767368421052632
2021-11-29 00:00:00+00:00,15.530208333333334
2021-11-30 00:00:00+00:00,16.153684210526315
2021-12-01 00:00:00+00:00,17.034375
2021-12-02 00:00:00+00:00,20.03578947368421
2021-12-03 00:00:00+00:00,19.218947368421052
2021-12-04 00:00:00+00:00,17.786458333333332
2021-12-05 00:00:00+00:00,19.214583333333334
2021-12-06 00:00:00+00:00,19.517708333333335
2021-12-07 00:00:00+00:00,16.645833333333332
2021-12-08 00:00:00+00:00,16.70315789473684
2021-12-09 00:00:00+00:00,15.991666666666667
2021-12-10 00:00:00+00:00,15.988541666666668
2021-12-11 00:00:00+00:00,13.92222222222222
2021-12-12 00:00:00+00:00,9.445454545454545
2021-12-13 00:00:00+00:00,11.928125
2021-12-14 00:00:00+00:00,11.184375000000001
2021-12-15 00:00:00+00:00,14.480208333333332
2021-12-16 00:00:00+00:00,14.586458333333333
2021-12-17 00:00:00+00:00,14.142105263157895
2021-12-18 00:00:00+00:00,14.230208333333332
2021-12-19 00:00:00+00:00,13.028205128205128
2021-12-20 00:00:00+00:00,15.266666666666667
2021-12-21 00:00:00+00:00,14.835416666666667
2021-12-22 00:00:00+00:00,15.48354430379747
2021-12-23 00:00:00+00:00,13.4
2021-12-24 00:00:00+00:00,14.150526315789474
2021-12-25 00:00:00+00:00,14.50897435897436
2021-12-26 00:00:00+00:00,14.222033898305085
2021-12-27 00:00:00+00:00,14.341666666666667
2021-12-28 00:00:00+00:00,14.345454545454546
2021-12-29 00:00:00+00:00,12.838461538461539
2021-12-30 00:00:00+00:00,
2021-12-31 00:00:00+00:00,
2022-01-01 00:00:00+00:00,
2022-01-02 00:00:00+00:00,
2022-01-03 00:00:00+00:00,
2022-01-04 00:00:00+00:00,17.23793103448276
2022-01-05 00:00:00+00:00,16.262162162162163
2022-01-06 00:00:00+00:00,14.048
2022-01-07 00:00:00+00:00,13.587037037037037
2022-01-08 00:00:00+00:00,11.9375
2022-01-09 00:00:00+00:00,13.0625
2022-01-10 00:00:00+00:00,12.651219512195123
2022-01-11 00:00:00+00:00,13.391379310344828
2022-01-12 00:00:00+00:00,17.238235294117647
2022-01-13 00:00:00+00:00,16.854320987654322
2022-01-14 00:00:00+00:00,18.06973684210526
2022-01-15 00:00:00+00:00,16.816666666666666
2022-01-16 00:00:00+00:00,18.07
2022-01-17 00:00:00+00:00,23.017391304347825
2022-01-18 00:00:00+00:00,17.310714285714287
2022-01-19 00:00:00+00:00,19.37473684210526
2022-01-20 00:00:00+00:00,20.389473684210525
2022-01-21 00:00:00+00:00,19.945833333333333
2022-01-22 00:00:00+00:00,21.368750000000002
2022-01-23 00:00:00+00:00,22.339583333333334
2022-01-24 00:00:00+00:00,22.00421052631579
2022-01-25 00:00:00+00:00,21.783157894736842
2022-01-26 00:00:00+00:00,19.13684210526316
2022-01-27 00:00:00+00:00,19.893684210526317
2022-01-28 00:00:00+00:00,22.08020833333333
2022-01-29 00:00:00+00:00,22.253125
2022-01-30 00:00:00+00:00,23.1125
2022-01-31 00:00:00+00:00,22.269791666666666
2022-02-01 00:00:00+00:00,23.820833333333336
2022-02-02 00:00:00+00:00,24.469791666666666
2022-02-03 00:00:00+00:00,23.71875
2022-02-04 00:00:00+00:00,22.48421052631579
2022-02-05 00:00:00+00:00,19.407526881720432
2022-02-06 00:00:00+00:00,19.691666666666666
2022-02-07 00:00:00+00:00,19.957291666666666
2022-02-08 00:00:00+00:00,18.03125
2022-02-09 00:00:00+00:00,16.071875000000002
2022-02-10 00:00:00+00:00,16.760416666666668
2022-02-11 00:00:00+00:00,17.909375
2022-02-12 00:00:00+00:00,17.542708333333334
2022-02-13 00:00:00+00:00,17.068421052631578
2022-02-14 00:00:00+00:00,16.657291666666666
2022-02-15 00:00:00+00:00,17.693749999999998
2022-02-16 00:00:00+00:00,20.7494623655914
2022-02-17 00:00:00+00:00,22.112631578947365
2022-02-18 00:00:00+00:00,21.782105263157895
2022-02-19 00:00:00+00:00,18.009473684210526
2022-02-20 00:00:00+00:00,14.164583333333333
2022-02-21 00:00:00+00:00,16.865624999999998
2022-02-22 00:00:00+00:00,16.673958333333335
2022-02-23 00:00:00+00:00,16.534375
2022-02-24 00:00:00+00:00,11.87263157894737
2022-02-25 00:00:00+00:00,12.796875
2022-02-26 00:00:00+00:00,11.76063829787234
2022-02-27 00:00:00+00:00,14.138947368421054
2022-02-28 00:00:00+00:00,14.402105263157896
2022-03-01 00:00:00+00:00,19.037499999999998
2022-03-02 00:00:00+00:00,19.86315789473684
2022-03-03 00:00:00+00:00,17.8752688172043
2022-03-04 00:00:00+00:00,16.014736842105265
2022-03-05 00:00:00+00:00,17.675789473684212
2022-03-06 00:00:00+00:00,17.932291666666668
2022-03-07 00:00:00+00:00,15.932978723404256
2022-03-08 00:00:00+00:00,10.421875
2022-03-09 00:00:00+00:00,10.478125
2022-03-10 00:00:00+00:00,10.724210526315789
2022-03-11 00:00:00+00:00,10.115625
2022-03-12 00:00:00+00:00,10.722105263157895
2022-03-13 00:00:00+00:00,5.6125
2022-03-14 00:00:00+00:00,11.539583333333333
2022-03-15 00:00:00+00:00,16.092222222222222
2022-03-16 00:00:00+00:00,16.410526315789475
2022-03-17 00:00:00+00:00,18.693421052631578
2022-03-18 00:00:00+00:00,17.777922077922078
2022-03-19 00:00:00+00:00,18.48589743589744
2022-03-20 00:00:00+00:00,17.681707317073172
2022-03-21 00:00:00+00:00,13.079746835443038
2022-03-22 00:00:00+00:00,11.813924050632911
2022-03-23 00:00:00+00:00,12.86547619047619
2022-03-24 00:00:00+00:00,14.09135802469136
2022-03-25 00:00:00+00:00,12.39625
2022-03-26 00:00:00+00:00,11.851162790697675
2022-03-27 00:00:00+00:00,10.05
2022-03-28 00:00:00+00:00,9.917721518987342
2022-03-29 00:00:00+00:00,12.74878048780488
2022-03-30 00:00:00+00:00,16.948148148148146
2022-03-31 00:00:00+00:00,20.14938271604938
2022-04-01 00:00:00+00:00,19.419999999999998
2022-04-02 00:00:00+00:00,13.177922077922078
2022-04-03 00:00:00+00:00,14.553012048192771
2022-04-04 00:00:00+00:00,12.434883720930234
2022-04-05 00:00:00+00:00,11.994047619047619
2022-04-06 00:00:00+00:00,12.64367816091954
2022-04-07 00:00:00+00:00,13.625301204819278
2022-04-08 00:00:00+00:00,9.886666666666667
2022-04-09 00:00:00+00:00,4.836904761904762
2022-04-10 00:00:00+00:00,4.547058823529412
2022-04-11 00:00:00+00:00,5.553409090909091
2022-04-12 00:00:00+00:00,6.123595505617978
2022-04-13 00:00:00+00:00,8.422784810126583
2022-04-14 00:00:00+00:00,11.039506172839507
2022-04-15 00:00:00+00:00,13.492405063291141
2022-04-16 00:00:00+00:00,16.485365853658536
2022-04-17 00:00:00+00:00,14.73
2022-04-18 00:00:00+00:00,14.615116279069769
2022-04-19 00:00:00+00:00,15.609090909090908
2022-04-20 00:00:00+00:00,10.564
2022-04-21 00:00:00+00:00,9.191549295774648
2022-04-22 00:00:00+00:00,5.45
2022-04-23 00:00:00+00:00,
2022-04-24 00:00:00+00:00,7.353947368421053
2022-04-25 00:00:00+00:00,9.562222222222223
2022-04-26 00:00:00+00:00,11.77126436781609
2022-04-27 00:00:00+00:00,9.946739130434782
2022-04-28 00:00:00+00:00,10.111827956989247
2022-04-29 00:00:00+00:00,14.512195121951219
2022-04-30 00:00:00+00:00,8.214634146341464
2022-05-01 00:00:00+00:00,8.33578947368421
2022-05-02 00:00:00+00:00,8.477083333333333
2022-05-03 00:00:00+00:00,7.761458333333334
2022-05-04 00:00:00+00:00,7.777083333333334
2022-05-05 00:00:00+00:00,6.819791666666667
2022-05-06 00:00:00+00:00,7.035416666666666
2022-05-07 00:00:00+00:00,7.702127659574468
2022-05-08 00:00:00+00:00,7.463541666666667
2022-05-09 00:00:00+00:00,6.776829268292683
2022-05-10 00:00:00+00:00,
2022-05-11 00:00:00+00:00,
2022-05-12 00:00:00+00:00,
2022-05-13 00:00:00+00:00,
2022-05-14 00:00:00+00:00,
2022-05-15 00:00:00+00:00,
2022-05-16 00:00:00+00:00,
2022-05-17 00:00:00+00:00,
2022-05-18 00:00:00+00:00,
2022-05-19 00:00:00+00:00,
2022-05-20 00:00:00+00:00,
2022-05-21 00:00:00+00:00,
2022-05-22 00:00:00+00:00,
2022-05-23 00:00:00+00:00,
2022-05-24 00:00:00+00:00,
2022-05-25 00:00:00+00:00,
2022-05-26 00:00:00+00:00,
2022-05-27 00:00:00+00:00,
2022-05-28 00:00:00+00:00,
2022-05-29 00:00:00+00:00,
2022-05-30 00:00:00+00:00,
2022-05-31 00:00:00+00:00,
2022-06-01 00:00:00+00:00,
2022-06-02 00:00:00+00:00,
2022-06-03 00:00:00+00:00,
2022-06-04 00:00:00+00:00,
2022-06-05 00:00:00+00:00,
2022-06-06 00:00:00+00:00,
2022-06-07 00:00:00+00:00,
2022-06-08 00:00:00+00:00,
2022-06-09 00:00:00+00:00,
2022-06-10 00:00:00+00:00,
2022-06-11 00:00:00+00:00,
2022-06-12 00:00:00+00:00,
2022-06-13 00:00:00+00:00,
2022-06-14 00:00:00+00:00,
2022-06-15 00:00:00+00:00,
2022-06-16 00:00:00+00:00,
2022-06-17 00:00:00+00:00,
2022-06-18 00:00:00+00:00,
2022-06-19 00:00:00+00:00,
2022-06-20 00:00:00+00:00,
2022-06-21 00:00:00+00:00,
2022-06-22 00:00:00+00:00,
2022-06-23 00:00:00+00:00,
2022-06-24 00:00:00+00:00,
2022-06-25 00:00:00+00:00,
2022-06-26 00:00:00+00:00,
2022-06-27 00:00:00+00:00,
2022-06-28 00:00:00+00:00,
2022-06-29 00:00:00+00:00,
2022-06-30 00:00:00+00:00,
2022-07-01 00:00:00+00:00,
2022-07-02 00:00:00+00:00,
2022-07-03 00:00:00+00:00,
2022-07-04 00:00:00+00:00,
2022-07-05 00:00:00+00:00,
2022-07-06 00:00:00+00:00,
2022-07-07 00:00:00+00:00,
2022-07-08 00:00:00+00:00,
2022-07-09 00:00:00+00:00,
2022-07-10 00:00:00+00:00,
2022-07-11 00:00:00+00:00,
2022-07-12 00:00:00+00:00,
2022-07-13 00:00:00+00:00,
2022-07-14 00:00:00+00:00,
2022-07-15 00:00:00+00:00,
2022-07-16 00:00:00+00:00,
2022-07-17 00:00:00+00:00,
2022-07-18 00:00:00+00:00,
2022-07-19 00:00:00+00:00,
2022-07-20 00:00:00+00:00,
2022-07-21 00:00:00+00:00,
2022-07-22 00:00:00+00:00,
2022-07-23 00:00:00+00:00,
2022-07-24 00:00:00+00:00,
2022-07-25 00:00:00+00:00,
2022-07-26 00:00:00+00:00,
2022-07-27 00:00:00+00:00,
2022-07-28 00:00:00+00:00,
2022-07-29 00:00:00+00:00,
2022-07-30 00:00:00+00:00,
2022-07-31 00:00:00+00:00,
2022-08-01 00:00:00+00:00,
2022-08-02 00:00:00+00:00,
2022-08-03 00:00:00+00:00,
2022-08-04 00:00:00+00:00,
2022-08-05 00:00:00+00:00,
2022-08-06 00:00:00+00:00,
2022-08-07 00:00:00+00:00,
2022-08-08 00:00:00+00:00,
2022-08-09 00:00:00+00:00,
2022-08-10 00:00:00+00:00,23.650000000000002
2022-08-11 00:00:00+00:00,26.02553191489362
2022-08-12 00:00:00+00:00,25.743617021276595
2022-08-13 00:00:00+00:00,26.159139784946237
2022-08-14 00:00:00+00:00,26.55473684210526
2022-08-15 00:00:00+00:00,26.433962264150942
2022-08-16 00:00:00+00:00,
2022-08-17 00:00:00+00:00,26.707692307692305
2022-08-18 00:00:00+00:00,24.806250000000002
2022-08-19 00:00:00+00:00,23.432291666666668
2022-08-20 00:00:00+00:00,23.769791666666666
2022-08-21 00:00:00+00:00,24.195774647887323
2022-08-22 00:00:00+00:00,24.121875
2022-08-23 00:00:00+00:00,23.141666666666666
2022-08-24 00:00:00+00:00,23.167708333333334
2022-08-25 00:00:00+00:00,22.907291666666666
2022-08-26 00:00:00+00:00,23.8
2022-08-27 00:00:00+00:00,23.394791666666666
2022-08-28 00:00:00+00:00,23.92888888888889
2022-08-29 00:00:00+00:00,23.925
2022-08-30 00:00:00+00:00,24.243956043956043
2022-08-31 00:00:00+00:00,23.750526315789475
2022-09-01 00:00:00+00:00,22.52753623188406
2022-09-02 00:00:00+00:00,
2022-09-03 00:00:00+00:00,
2022-09-04 00:00:00+00:00,
2022-09-05 00:00:00+00:00,
2022-09-06 00:00:00+00:00,
2022-09-07 00:00:00+00:00,
2022-09-08 00:00:00+00:00,
2022-09-09 00:00:00+00:00,
2022-09-10 00:00:00+00:00,
2022-09-11 00:00:00+00:00,
2022-09-12 00:00:00+00:00,
2022-09-13 00:00:00+00:00,
2022-09-14 00:00:00+00:00,
2022-09-15 00:00:00+00:00,
2022-09-16 00:00:00+00:00,
2022-09-17 00:00:00+00:00,
2022-09-18 00:00:00+00:00,
2022-09-19 00:00:00+00:00,
2022-09-20 00:00:00+00:00,
2022-09-21 00:00:00+00:00,
2022-09-22 00:00:00+00:00,
2022-09-23 00:00:00+00:00,
2022-09-24 00:00:00+00:00,
2022-09-25 00:00:00+00:00,
2022-09-26 00:00:00+00:00,
2022-09-27 00:00:00+00:00,
2022-09-28 00:00:00+00:00,
2022-09-29 00:00:00+00:00,
2022-09-30 00:00:00+00:00,
2022-10-01 00:00:00+00:00,
2022-10-02 00:00:00+00:00,
2022-10-03 00:00:00+00:00,
2022-10-04 00:00:00+00:00,
2022-10-05 00:00:00+00:00,
2022-10-06 00:00:00+00:00,
2022-10-07 00:00:00+00:00,
2022-10-08 00:00:00+00:00,
2022-10-09 00:00:00+00:00,
2022-10-10 00:00:00+00:00,
2022-10-11 00:00:00+00:00,
2022-10-12 00:00:00+00:00,
2022-10-13 00:00:00+00:00,
2022-10-14 00:00:00+00:00,
2022-10-15 00:00:00+00:00,
2022-10-16 00:00:00+00:00,
2022-10-17 00:00:00+00:00,
2022-10-18 00:00:00+00:00,
2022-10-19 00:00:00+00:00,
2022-10-20 00:00:00+00:00,
2022-10-21 00:00:00+00:00,
2022-10-22 00:00:00+00:00,
2022-10-23 00:00:00+00:00,
2022-10-24 00:00:00+00:00,
2022-10-25 00:00:00+00:00,
2022-10-26 00:00:00+00:00,
2022-10-27 00:00:00+00:00,
2022-10-28 00:00:00+00:00,
2022-10-29 00:00:00+00:00,
2022-10-30 00:00:00+00:00,
2022-10-31 00:00:00+00:00,
2022-11-01 00:00:00+00:00,
2022-11-02 00:00:00+00:00,
2022-11-03 00:00:00+00:00,
2022-11-04 00:00:00+00:00,
2022-11-05 00:00:00+00:00,
2022-11-06 00:00:00+00:00,
2022-11-07 00:00:00+00:00,
2022-11-08 00:00:00+00:00,
2022-11-09 00:00:00+00:00,
2022-11-10 00:00:00+00:00,
2022-11-11 00:00:00+00:00,
2022-11-12 00:00:00+00:00,
2022-11-13 00:00:00+00:00,
2022-11-14 00:00:00+00:00,
2022-11-15 00:00:00+00:00,
2022-11-16 00:00:00+00:00,
2022-11-17 00:00:00+00:00,
2022-11-18 00:00:00+00:00,
2022-11-19 00:00:00+00:00,
2022-11-20 00:00:00+00:00,
2022-11-21 00:00:00+00:00,
2022-11-22 00:00:00+00:00,
2022-11-23 00:00:00+00:00,
2022-11-24 00:00:00+00:00,
2022-11-25 00:00:00+00:00,
2022-11-26 00:00:00+00:00,
2022-11-27 00:00:00+00:00,
2022-11-28 00:00:00+00:00,
2022-11-29 00:00:00+00:00,
2022-11-30 00:00:00+00:00,
2022-12-01 00:00:00+00:00,
2022-12-02 00:00:00+00:00,
2022-12-03 00:00:00+00:00,
2022-12-04 00:00:00+00:00,
2022-12-05 00:00:00+00:00,
2022-12-06 00:00:00+00:00,
2022-12-07 00:00:00+00:00,
2022-12-08 00:00:00+00:00,
2022-12-09 00:00:00+00:00,
2022-12-10 00:00:00+00:00,
2022-12-11 00:00:00+00:00,
2022-12-12 00:00:00+00:00,
2022-12-13 00:00:00+00:00,
2022-12-14 00:00:00+00:00,
2022-12-15 00:00:00+00:00,
2022-12-16 00:00:00+00:00,
2022-12-17 00:00:00+00:00,
2022-12-18 00:00:00+00:00,
2022-12-19 00:00:00+00:00,
2022-12-20 00:00:00+00:00,
2022-12-21 00:00:00+00:00,
2022-12-22 00:00:00+00:00,
2022-12-23 00:00:00+00:00,
2022-12-24 00:00:00+00:00,
2022-12-25 00:00:00+00:00,
2022-12-26 00:00:00+00:00,
2022-12-27 00:00:00+00:00,
2022-12-28 00:00:00+00:00,
2022-12-29 00:00:00+00:00,
2022-12-30 00:00:00+00:00,
2022-12-31 00:00:00+00:00,
2023-01-01 00:00:00+00:00,
2023-01-02 00:00:00+00:00,
2023-01-03 00:00:00+00:00,
2023-01-04 00:00:00+00:00,
2023-01-05 00:00:00+00:00,
2023-01-06 00:00:00+00:00,
2023-01-07 00:00:00+00:00,
2023-01-08 00:00:00+00:00,
2023-01-09 00:00:00+00:00,
2023-01-10 00:00:00+00:00,
2023-01-11 00:00:00+00:00,
2023-01-12 00:00:00+00:00,
2023-01-13 00:00:00+00:00,
2023-01-14 00:00:00+00:00,
2023-01-15 00:00:00+00:00,
2023-01-16 00:00:00+00:00,
2023-01-17 00:00:00+00:00,
2023-01-18 00:00:00+00:00,
2023-01-19 00:00:00+00:00,
2023-01-20 00:00:00+00:00,
2023-01-21 00:00:00+00:00,
2023-01-22 00:00:00+00:00,
2023-01-23 00:00:00+00:00,
2023-01-24 00:00:00+00:00,
2023-01-25 00:00:00+00:00,
2023-01-26 00:00:00+00:00,
2023-01-27 00:00:00+00:00,
2023-01-28 00:00:00+00:00,
2023-01-29 00:00:00+00:00,
2023-01-30 00:00:00+00:00,
2023-01-31 00:00:00+00:00,
2023-02-01 00:00:00+00:00,
2023-02-02 00:00:00+00:00,
2023-02-03 00:00:00+00:00,
2023-02-04 00:00:00+00:00,
2023-02-05 00:00:00+00:00,
2023-02-06 00:00:00+00:00,
2023-02-07 00:00:00+00:00,
2023-02-08 00:00:00+00:00,
2023-02-09 00:00:00+00:00,
2023-02-10 00:00:00+00:00,
2023-02-11 00:00:00+00:00,
2023-02-12 00:00:00+00:00,
2023-02-13 00:00:00+00:00,19.12857142857143
2023-02-14 00:00:00+00:00,16.426041666666666
2023-02-15 00:00:00+00:00,17.075
2023-02-16 00:00:00+00:00,17.061458333333334
2023-02-17 00:00:00+00:00,18.455434782608698
2023-02-18 00:00:00+00:00,17.602083333333333
2023-02-19 00:00:00+00:00,21.37263157894737
2023-02-20 00:00:00+00:00,21.882291666666664
2023-02-21 00:00:00+00:00,21.609574468085107
2023-02-22 00:00:00+00:00,21.0
2023-02-23 00:00:00+00:00,20.996739130434783
2023-02-24 00:00:00+00:00,18.592307692307692
2023-02-25 00:00:00+00:00,16.569148936170212
2023-02-26 00:00:00+00:00,17.097894736842104
2023-02-27 00:00:00+00:00,15.885263157894736
2023-02-28 00:00:00+00:00,19.43191489361702
2023-03-01 00:00:00+00:00,14.203125
2023-03-02 00:00:00+00:00,16.068421052631578
2023-03-03 00:00:00+00:00,14.503157894736841
2023-03-04 00:00:00+00:00,18.363541666666666
2023-03-05 00:00:00+00:00,16.075
2023-03-06 00:00:00+00:00,15.363218390804597
2023-03-07 00:00:00+00:00,18.608421052631577
2023-03-08 00:00:00+00:00,17.8625
2023-03-09 00:00:00+00:00,20.33473684210526
2023-03-10 00:00:00+00:00,20.681250000000002
2023-03-11 00:00:00+00:00,20.96
2023-03-12 00:00:00+00:00,20.458333333333332
2023-03-13 00:00:00+00:00,20.063541666666666
2023-03-14 00:00:00+00:00,15.44
2023-03-15 00:00:00+00:00,11.50625
2023-03-16 00:00:00+00:00,17.290526315789474
2023-03-17 00:00:00+00:00,17.099999999999998
2023-03-18 00:00:00+00:00,17.24
2023-03-19 00:00:00+00:00,15.636458333333332
2023-03-20 00:00:00+00:00,16.289583333333333
2023-03-21 00:00:00+00:00,17.253125
2023-03-22 00:00:00+00:00,17.08842105263158
2023-03-23 00:00:00+00:00,17.7625
2023-03-24 00:00:00+00:00,15.852083333333333
2023-03-25 00:00:00+00:00,14.456842105263158
2023-03-26 00:00:00+00:00,11.58842105263158
2023-03-27 00:00:00+00:00,9.906382978723405
2023-03-28 00:00:00+00:00,10.77340425531915
2023-03-29 00:00:00+00:00,10.022916666666667
2023-03-30 00:00:00+00:00,10.046875
2023-03-31 00:00:00+00:00,12.261458333333332
2023-04-01 00:00:00+00:00,12.963541666666666
2023-04-02 00:00:00+00:00,9.758333333333333
2023-04-03 00:00:00+00:00,15.090526315789473
2023-04-04 00:00:00+00:00,15.169791666666667
2023-04-05 00:00:00+00:00,17.158947368421053
2023-04-06 00:00:00+00:00,17.852631578947367
2023-04-07 00:00:00+00:00,16.32
2023-04-08 00:00:00+00:00,14.98842105263158
2023-04-09 00:00:00+00:00,15.648958333333333
2023-04-10 00:00:00+00:00,14.706315789473683
2023-04-11 00:00:00+00:00,13.7875
2023-04-12 00:00:00+00:00,13.794565217391304
2023-04-13 00:00:00+00:00,15.020212765957448
2023-04-14 00:00:00+00:00,13.802083333333334
2023-04-15 00:00:00+00:00,14.806315789473683
2023-04-16 00:00:00+00:00,15.686315789473685
2023-04-17 00:00:00+00:00,17.716666666666665
2023-04-18 00:00:00+00:00,18.41157894736842
2023-04-19 00:00:00+00:00,17.521052631578947
2023-04-20 00:00:00+00:00,17.382291666666667
2023-04-21 00:00:00+00:00,18.446875000000002
2023-04-22 00:00:00+00:00,19.609375
2023-04-23 00:00:00+00:00,18.117894736842107
2023-04-24 00:00:00+00:00,13.791666666666666
2023-04-25 00:00:00+00:00,11.840625000000001
2023-04-26 00:00:00+00:00,10.188172043010752
2023-04-27 00:00:00+00:00,9.825000000000001
2023-04-28 00:00:00+00:00,10.738947368421053
2023-04-29 00:00:00+00:00,13.251578947368422
2023-04-30 00:00:00+00:00,11.615625
2023-05-01 00:00:00+00:00,10.262500000000001
2023-05-02 00:00:00+00:00,9.146315789473684
2023-05-03 00:00:00+00:00,9.353125
2023-05-04 00:00:00+00:00,11.479166666666666
2023-05-05 00:00:00+00:00,11.81875
2023-05-06 00:00:00+00:00,11.592631578947367
2023-05-07 00:00:00+00:00,12.032291666666666
2023-05-08 00:00:00+00:00,13.151612903225805
2023-05-09 00:00:00+00:00,11.609615384615385
2023-05-10 00:00:00+00:00,12.079166666666666
2023-05-11 00:00:00+00:00,11.706249999999999
2023-05-12 00:00:00+00:00,13.455208333333333
2023-05-13 00:00:00+00:00,13.883333333333333
2023-05-14 00:00:00+00:00,14.578125
2023-05-15 00:00:00+00:00,15.178723404255319
2023-05-16 00:00:00+00:00,17.379166666666666
2023-05-17 00:00:00+00:00,18.063541666666666
2023-05-18 00:00:00+00:00,19.34375
2023-05-19 00:00:00+00:00,20.026041666666668
2023-05-20 00:00:00+00:00,19.900000000000002
2023-05-21 00:00:00+00:00,18.431182795698923
2023-05-22 00:00:00+00:00,18.024210526315787
2023-05-23 00:00:00+00:00,18.764583333333334
2023-05-24 00:00:00+00:00,18.06595744680851
2023-05-25 00:00:00+00:00,15.834375
2023-05-26 00:00:00+00:00,16.410526315789475
2023-05-27 00:00:00+00:00,15.495833333333332
2023-05-28 00:00:00+00:00,16.303124999999998
2023-05-29 00:00:00+00:00,18.217021276595744
2023-05-30 00:00:00+00:00,19.538541666666667
2023-05-31 00:00:00+00:00,18.152083333333334
2023-06-01 00:00:00+00:00,19.178947368421053
2023-06-02 00:00:00+00:00,20.82391304347826
2023-06-03 00:00:00+00:00,22.147368421052633
2023-06-04 00:00:00+00:00,22.617708333333336
2023-06-05 00:00:00+00:00,22.44148936170213
2023-06-06 00:00:00+00:00,22.666315789473686
2023-06-07 00:00:00+00:00,22.54375
2023-06-08 00:00:00+00:00,22.860416666666666
2023-06-09 00:00:00+00:00,22.813541666666666
2023-06-10 00:00:00+00:00,22.310638297872337
2023-06-11 00:00:00+00:00,22.167708333333334
2023-06-12 00:00:00+00:00,22.559375
2023-06-13 00:00:00+00:00,22.675
2023-06-14 00:00:00+00:00,22.572916666666668
2023-06-15 00:00:00+00:00,22.742708333333336
2023-06-16 00:00:00+00:00,22.690425531914894
2023-06-17 00:00:00+00:00,22.650000000000002
2023-06-18 00:00:00+00:00,21.769791666666666
2023-06-19 00:00:00+00:00,22.6
2023-06-20 00:00:00+00:00,22.329166666666666
2023-06-21 00:00:00+00:00,22.23229166666667
2023-06-22 00:00:00+00:00,21.792708333333334
2023-06-23 00:00:00+00:00,20.978125000000002
2023-06-24 00:00:00+00:00,21.18421052631579
2023-06-25 00:00:00+00:00,20.966666666666665
2023-06-26 00:00:00+00:00,20.967708333333334
2023-06-27 00:00:00+00:00,20.283333333333335
2023-06-28 00:00:00+00:00,19.121739130434783
2023-06-29 00:00:00+00:00,19.29574468085106
2023-06-30 00:00:00+00:00,19.711458333333333
2023-07-01 00:00:00+00:00,21.151041666666668
2023-07-02 00:00:00+00:00,22.52
2023-07-03 00:00:00+00:00,22.14421052631579
2023-07-04 00:00:00+00:00,21.605208333333334
2023-07-05 00:00:00+00:00,20.925263157894737
2023-07-06 00:00:00+00:00,20.599999999999998
2023-07-07 00:00:00+00:00,20.715384615384615
2023-07-08 00:00:00+00:00,20.401041666666668
2023-07-09 00:00:00+00:00,19.92
2023-07-10 00:00:00+00:00,18.210416666666667
2023-07-11 00:00:00+00:00,15.184782608695652
2023-07-12 00:00:00+00:00,13.553684210526315
2023-07-13 00:00:00+00:00,13.31875
2023-07-14 00:00:00+00:00,13.178125
2023-07-15 00:00:00+00:00,12.093684210526316
2023-07-16 00:00:00+00:00,13.048958333333333
2023-07-17 00:00:00+00:00,11.149450549450549
2023-07-18 00:00:00+00:00,10.74
2023-07-19 00:00:00+00:00,10.7875
2023-07-20 00:00:00+00:00,10.598958333333334
2023-07-21 00:00:00+00:00,12.046875
2023-07-22 00:00:00+00:00,12.408333333333333
2023-07-23 00:00:00+00:00,13.254166666666668
2023-07-24 00:00:00+00:00,13.145263157894737
2023-07-25 00:00:00+00:00,14.498958333333334
2023-07-26 00:00:00+00:00,14.236458333333333
2023-07-27 00:00:00+00:00,15.377083333333333
2023-07-28 00:00:00+00:00,15.851612903225806
2023-07-29 00:00:00+00:00,17.28723404255319
2023-07-30 00:00:00+00:00,18.41263157894737
2023-07-31 00:00:00+00:00,19.682105263157894
2023-08-01 00:00:00+00:00,19.863829787234042
2023-08-02 00:00:00+00:00,20.627173913043478
2023-08-03 00:00:00+00:00,21.566315789473688
2023-08-04 00:00:00+00:00,22.128421052631577
2023-08-05 00:00:00+00:00,21.167708333333334
2023-08-06 00:00:00+00:00,19.732291666666665
2023-08-07 00:00:00+00:00,19.295833333333334
2023-08-08 00:00:00+00:00,19.204347826086956
2023-08-09 00:00:00+00:00,15.76
2023-08-10 00:00:00+00:00,16.444791666666667
2023-08-11 00:00:00+00:00,16.11894736842105
2023-08-12 00:00:00+00:00,15.930208333333333
2023-08-13 00:00:00+00:00,16.131249999999998
2023-08-14 00:00:00+00:00,16.514583333333334
2023-08-15 00:00:00+00:00,17.709473684210526
2023-08-16 00:00:00+00:00,17.8875
2023-08-17 00:00:00+00:00,18.056250000000002
2023-08-18 00:00:00+00:00,17.664210526315788
2023-08-19 00:00:00+00:00,16.022916666666667
2023-08-20 00:00:00+00:00,16.290625000000002
2023-08-21 00:00:00+00:00,15.981052631578947
2023-08-22 00:00:00+00:00,16.094791666666666
2023-08-23 00:00:00+00:00,16.926041666666666
2023-08-24 00:00:00+00:00,16.927083333333332
2023-08-25 00:00:00+00:00,17.24615384615385
2023-08-26 00:00:00+00:00,17.567708333333332
2023-08-27 00:00:00+00:00,17.035416666666666
2023-08-28 00:00:00+00:00,18.323958333333334
2023-08-29 00:00:00+00:00,20.053684210526313
2023-08-30 00:00:00+00:00,20.52021276595745
2023-08-31 00:00:00+00:00,19.31505376344086
2023-09-01 00:00:00+00:00,20.103157894736842
2023-09-02 00:00:00+00:00,20.451041666666665
2023-09-03 00:00:00+00:00,19.607291666666665
2023-09-04 00:00:00+00:00,19.557291666666668
2023-09-05 00:00:00+00:00,19.483333333333334
2023-09-06 00:00:00+00:00,19.014583333333334
2023-09-07 00:00:00+00:00,18.357291666666665
2023-09-08 00:00:00+00:00,17.770526315789475
2023-09-09 00:00:00+00:00,16.573118279569893
2023-09-10 00:00:00+00:00,16.545263157894738
2023-09-11 00:00:00+00:00,16.650000000000002
2023-09-12 00:00:00+00:00,17.086315789473684
2023-09-13 00:00:00+00:00,18.589473684210525
2023-09-14 00:00:00+00:00,18.497802197802198
2023-09-15 00:00:00+00:00,19.2625
2023-09-16 00:00:00+00:00,20.337500000000002
2023-09-17 00:00:00+00:00,20.297894736842103
2023-09-18 00:00:00+00:00,20.342105263157894
2023-09-19 00:00:00+00:00,19.504255319148935
2023-09-20 00:00:00+00:00,18.524210526315787
2023-09-21 00:00:00+00:00,17.979166666666668
2023-09-22 00:00:00+00:00,18.170833333333334
2023-09-23 00:00:00+00:00,19.484375
2023-09-24 00:00:00+00:00,18.413684210526316
2023-09-25 00:00:00+00:00,16.979347826086954
2023-09-26 00:00:00+00:00,17.66
2023-09-27 00:00:00+00:00,18.377083333333335
2023-09-28 00:00:00+00:00,18.873958333333334
2023-09-29 00:00:00+00:00,18.978947368421053
2023-09-30 00:00:00+00:00,17.650000000000002
2023-10-01 00:00:00+00:00,17.42105263157895
2023-10-02 00:00:00+00:00,16.773684210526316
2023-10-03 00:00:00+00:00,16.864583333333332
2023-10-04 00:00:00+00:00,16.008333333333333
2023-10-05 00:00:00+00:00,15.99375
2023-10-06 00:00:00+00:00,16.01157894736842
2023-10-07 00:00:00+00:00,16.588541666666668
2023-10-08 00:00:00+00:00,13.115789473684211
2023-10-09 00:00:00+00:00,12.042708333333332
2023-10-10 00:00:00+00:00,12.857894736842105
2023-10-11 00:00:00+00:00,14.24375
2023-10-12 00:00:00+00:00,15.477894736842106
2023-10-13 00:00:00+00:00,16.367708333333333
2023-10-14 00:00:00+00:00,17.838541666666668
2023-10-15 00:00:00+00:00,18.942708333333332
2023-10-16 00:00:00+00:00,18.71263157894737
2023-10-17 00:00:00+00:00,18.615624999999998
2023-10-18 00:00:00+00:00,18.213541666666668
2023-10-19 00:00:00+00:00,17.871875
2023-10-20 00:00:00+00:00,18.948351648351647
2023-10-21 00:00:00+00:00,18.53578947368421
2023-10-22 00:00:00+00:00,12.434375000000001
2023-10-23 00:00:00+00:00,14.071875
2023-10-24 00:00:00+00:00,17.940625
2023-10-25 00:00:00+00:00,17.471875
2023-10-26 00:00:00+00:00,18.338541666666668
2023-10-27 00:00:00+00:00,20.014736842105265
2023-10-28 00:00:00+00:00,20.528125
2023-10-29 00:00:00+00:00,19.542708333333334
2023-10-30 00:00:00+00:00,20.41578947368421
2023-10-31 00:00:00+00:00,17.151041666666668
2023-11-01 00:00:00+00:00,17.929166666666667
2023-11-02 00:00:00+00:00,16.0031914893617
2023-11-03 00:00:00+00:00,14.598947368421054
2023-11-04 00:00:00+00:00,14.645833333333334
2023-11-05 00:00:00+00:00,15.560416666666667
2023-11-06 00:00:00+00:00,15.597916666666668
2023-11-07 00:00:00+00:00,15.857291666666667
2023-11-08 00:00:00+00:00,14.63695652173913
2023-11-09 00:00:00+00:00,16.553684210526313
2023-11-10 00:00:00+00:00,17.147916666666667
2023-11-11 00:00:00+00:00,18.364583333333332
2023-11-12 00:00:00+00:00,19.14468085106383
2023-11-13 00:00:00+00:00,20.221875
2023-11-14 00:00:00+00:00,20.591489361702127
2023-11-15 00:00:00+00:00,20.648958333333333
2023-11-16 00:00:00+00:00,20.919791666666665
2023-11-17 00:00:00+00:00,20.308333333333334
2023-11-18 00:00:00+00:00,20.67717391304348
2023-11-19 00:00:00+00:00,19.689583333333335
2023-11-20 00:00:00+00:00,18.741666666666667
2023-11-21 00:00:00+00:00,19.913684210526316
2023-11-22 00:00:00+00:00,21.951063829787234
2023-11-23 00:00:00+00:00,18.441666666666666
2023-11-24 00:00:00+00:00,19.603125000000002
2023-11-25 00:00:00+00:00,18.881720430107528
2023-11-26 00:00:00+00:00,20.537499999999998
2023-11-27 00:00:00+00:00,21.339583333333334
2023-11-28 00:00:00+00:00,17.48125
2023-11-29 00:00:00+00:00,14.376041666666666
2023-11-30 00:00:00+00:00,16.711458333333333
2023-12-01 00:00:00+00:00,16.427083333333332
2023-12-02 00:00:00+00:00,15.989583333333334
2023-12-03 00:00:00+00:00,16.361052631578946
2023-12-04 00:00:00+00:00,15.086170212765957
2023-12-05 00:00:00+00:00,12.651063829787235
2023-12-06 00:00:00+00:00,13.692553191489361
2023-12-07 00:00:00+00:00,13.701041666666667
2023-12-08 00:00:00+00:00,13.842105263157896
2023-12-09 00:00:00+00:00,14.273684210526316
2023-12-10 00:00:00+00:00,16.574468085106382
2023-12-11 00:00:00+00:00,16.624468085106383
2023-12-12 00:00:00+00:00,13.186315789473685
2023-12-13 00:00:00+00:00,13.022105263157894
2023-12-14 00:00:00+00:00,12.054736842105264
2023-12-15 00:00:00+00:00,14.032291666666666
2023-12-16 00:00:00+00:00,13.933333333333332
2023-12-17 00:00:00+00:00,12.7
2023-12-18 00:00:00+00:00,18.093684210526316
2023-12-19 00:00:00+00:00,5.450526315789473
2023-12-20 00:00:00+00:00,2.4357894736842107
2023-12-21 00:00:00+00:00,4.476041666666666
2023-12-22 00:00:00+00:00,6.8442105263157895
2023-12-23 00:00:00+00:00,7.807291666666667
2023-12-24 00:00:00+00:00,9.527368421052632
2023-12-25 00:00:00+00:00,11.13125
2023-12-26 00:00:00+00:00,12.676842105263157
2023-12-27 00:00:00+00:00,13.025
2023-12-28 00:00:00+00:00,14.159550561797753
2023-12-29 00:00:00+00:00,11.326041666666667
2023-12-30 00:00:00+00:00,9.559574468085106
2023-12-31 00:00:00+00:00,8.764772727272726
2024-01-01 00:00:00+00:00,9.831249999999999
2024-01-02 00:00:00+00:00,10.628260869565217
2024-01-03 00:00:00+00:00,10.688421052631579
2024-01-04 00:00:00+00:00,12.603125
2024-01-05 00:00:00+00:00,11.980952380952381
2024-01-06 00:00:00+00:00,13.625
2024-01-07 00:00:00+00:00,17.4873417721519
2024-01-08 00:00:00+00:00,13.143333333333334
2024-01-09 00:00:00+00:00,16.720454545454547
2024-01-10 00:00:00+00:00,19.544444444444448
2024-01-11 00:00:00+00:00,12.946153846153846
2024-01-12 00:00:00+00:00,12.264197530864196
2024-01-13 00:00:00+00:00,14.1
2024-01-14 00:00:00+00:00,9.353846153846154
2024-01-15 00:00:00+00:00,7.559701492537314
2024-01-16 00:00:00+00:00,
2024-01-17 00:00:00+00:00,7.964705882352941
2024-01-18 00:00:00+00:00,6.552238805970149
2024-01-19 00:00:00+00:00,10.093506493506494
2024-01-20 00:00:00+00:00,7.005714285714285
2024-01-21 00:00:00+00:00,11.04404761904762
2024-01-22 00:00:00+00:00,13.242708333333333
2024-01-23 00:00:00+00:00,13.96
2024-01-24 00:00:00+00:00,16.73894736842105
2024-01-25 00:00:00+00:00,17.44507042253521
2024-01-26 00:00:00+00:00,17.003030303030304
2024-01-27 00:00:00+00:00,13.877142857142857
2024-01-28 00:00:00+00:00,14.538461538461538
2024-01-29 00:00:00+00:00,9.3875
2024-01-30 00:00:00+00:00,10.573684210526316
2024-01-31 00:00:00+00:00,9.44375
2024-02-01 00:00:00+00:00,8.664583333333333
2024-02-02 00:00:00+00:00,9.858333333333333
2024-02-03 00:00:00+00:00,10.492708333333333
2024-02-04 00:00:00+00:00,12.496875000000001
2024-02-05 00:00:00+00:00,12.38125
2024-02-06 00:00:00+00:00,14.200000000000001
2024-02-07 00:00:00+00:00,15.078947368421053
2024-02-08 00:00:00+00:00,16.626041666666666
2024-02-09 00:00:00+00:00,18.585416666666667
2024-02-10 00:00:00+00:00,19.713541666666668
2024-02-11 00:00:00+00:00,19.08191489361702
2024-02-12 00:00:00+00:00,18.751063829787235
2024-02-13 00:00:00+00:00,18.671875
2024-02-14 00:00:00+00:00,17.49787234042553
2024-02-15 00:00:00+00:00,14.459375
2024-02-16 00:00:00+00:00,15.698958333333332
2024-02-17 00:00:00+00:00,16.103191489361702
2024-02-18 00:00:00+00:00,14.264583333333334
2024-02-19 00:00:00+00:00,12.329166666666666
2024-02-20 00:00:00+00:00,15.065624999999999
2024-02-21 00:00:00+00:00,15.084042553191491
2024-02-22 00:00:00+00:00,17.98125
2024-02-23 00:00:00+00:00,19.386458333333334
2024-02-24 00:00:00+00:00,18.478125000000002
2024-02-25 00:00:00+00:00,17.896874999999998
2024-02-26 00:00:00+00:00,18.666315789473682
2024-02-27 00:00:00+00:00,18.667368421052632
2024-02-28 00:00:00+00:00,18.794791666666665
2024-02-29 00:00:00+00:00,14.57578947368421
2024-03-01 00:00:00+00:00,14.284374999999999
2024-03-02 00:00:00+00:00,15.331249999999999
2024-03-03 00:00:00+00:00,13.789583333333333
2024-03-04 00:00:00+00:00,12.305376344086023
2024-03-05 00:00:00+00:00,13.913541666666667
2024-03-06 00:00:00+00:00,12.52421052631579
2024-03-07 00:00:00+00:00,13.276041666666666
2024-03-08 00:00:00+00:00,12.798958333333333
2024-03-09 00:00:00+00:00,13.573958333333332
2024-03-10 00:00:00+00:00,12.815624999999999
2024-03-11 00:00:00+00:00,4.226315789473684
2024-03-12 00:00:00+00:00,6.351578947368421
2024-03-13 00:00:00+00:00,9.328125
2024-03-14 00:00:00+00:00,9.929166666666667
2024-03-15 00:00:00+00:00,9.191578947368422
2024-03-16 00:00:00+00:00,9.608333333333333
2024-03-17 00:00:00+00:00,8.964583333333334
2024-03-18 00:00:00+00:00,8.896875
2024-03-19 00:00:00+00:00,7.936842105263158
2024-03-20 00:00:00+00:00,12.604166666666666
2024-03-21 00:00:00+00:00,9.207291666666666
2024-03-22 00:00:00+00:00,12.08736842105263
2024-03-23 00:00:00+00:00,15.420833333333334
2024-03-24 00:00:00+00:00,13.029166666666667
2024-03-25 00:00:00+00:00,15.498958333333334
2024-03-26 00:00:00+00:00,16.554166666666667
2024-03-27 00:00:00+00:00,14.222340425531916
2024-03-28 00:00:00+00:00,12.692631578947369
2024-03-29 00:00:00+00:00,10.632291666666667
2024-03-30 00:00:00+00:00,9.301449275362318
2024-03-31 00:00:00+00:00,
2024-04-01 00:00:00+00:00,
2024-04-02 00:00:00+00:00,
2024-04-03 00:00:00+00:00,
2024-04-04 00:00:00+00:00,
2024-04-05 00:00:00+00:00,
2024-04-06 00:00:00+00:00,
2024-04-07 00:00:00+00:00,
2024-04-08 00:00:00+00:00,
2024-04-09 00:00:00+00:00,
2024-04-10 00:00:00+00:00,
2024-04-11 00:00:00+00:00,
2024-04-12 00:00:00+00:00,
2024-04-13 00:00:00+00:00,
2024-04-14 00:00:00+00:00,
2024-04-15 00:00:00+00:00,
2024-04-16 00:00:00+00:00,
2024-04-17 00:00:00+00:00,
2024-04-18 00:00:00+00:00,
2024-04-19 00:00:00+00:00,
2024-04-20 00:00:00+00:00,
2024-04-21 00:00:00+00:00,
2024-04-22 00:00:00+00:00,
2024-04-23 00:00:00+00:00,
2024-04-24 00:00:00+00:00,
2024-04-25 00:00:00+00:00,
2024-04-26 00:00:00+00:00,
2024-04-27 00:00:00+00:00,
2024-04-28 00:00:00+00:00,
2024-04-29 00:00:00+00:00,
2024-04-30 00:00:00+00:00,
2024-05-01 00:00:00+00:00,
2024-05-02 00:00:00+00:00,
2024-05-03 00:00:00+00:00,
2024-05-04 00:00:00+00:00,
2024-05-05 00:00:00+00:00,
2024-05-06 00:00:00+00:00,
2024-05-07 00:00:00+00:00,13.096774193548388
2024-05-08 00:00:00+00:00,15.736170212765957
2024-05-09 00:00:00+00:00,15.151578947368423
2024-05-10 00:00:00+00:00,15.548958333333333
2024-05-11 00:00:00+00:00,14.59375
2024-05-12 00:00:00+00:00,14.383157894736843
2024-05-13 00:00:00+00:00,12.263541666666667
2024-05-14 00:00:00+00:00,11.662105263157896
2024-05-15 00:00:00+00:00,12.047916666666666
2024-05-16 00:00:00+00:00,12.554166666666667
2024-05-17 00:00:00+00:00,11.814583333333333
2024-05-18 00:00:00+00:00,11.946739130434782
2024-05-19 00:00:00+00:00,12.686458333333334
2024-05-20 00:00:00+00:00,13.462765957446809
2024-05-21 00:00:00+00:00,15.229473684210525
2024-05-22 00:00:00+00:00,16.193749999999998
2024-05-23 00:00:00+00:00,16.536458333333332
2024-05-24 00:00:00+00:00,16.753125
2024-05-25 00:00:00+00:00,17.34842105263158
2024-05-26 00:00:00+00:00,17.876041666666666
2024-05-27 00:00:00+00:00,18.391666666666666
2024-05-28 00:00:00+00:00,17.717708333333334
2024-05-29 00:00:00+00:00,16.589583333333334
2024-05-30 00:00:00+00:00,15.79468085106383
2024-05-31 00:00:00+00:00,15.984375
2024-06-01 00:00:00+00:00,16.5031914893617
2024-06-02 00:00:00+00:00,17.433684210526316
2024-06-03 00:00:00+00:00,18.1875
2024-06-04 00:00:00+00:00,18.696875000000002
2024-06-05 00:00:00+00:00,18.887234042553192
2024-06-06 00:00:00+00:00,19.221052631578946
2024-06-07 00:00:00+00:00,18.898958333333333
2024-06-08 00:00:00+00:00,18.171875
2024-06-09 00:00:00+00:00,18.011702127659575
2024-06-10 00:00:00+00:00,17.70957446808511
2024-06-11 00:00:00+00:00,18.533333333333335
2024-06-12 00:00:00+00:00,17.79375
2024-06-13 00:00:00+00:00,17.394791666666666
2024-06-14 00:00:00+00:00,18.4
2024-06-15 00:00:00+00:00,18.9
2024-06-16 00:00:00+00:00,17.728125000000002
2024-06-17 00:00:00+00:00,18.427083333333332
2024-06-18 00:00:00+00:00,18.97021276595745
2024-06-19 00:00:00+00:00,19.669791666666665
2024-06-20 00:00:00+00:00,20.26521739130435
2024-06-21 00:00:00+00:00,20.65157894736842
2024-06-22 00:00:00+00:00,21.427083333333332
2024-06-23 00:00:00+00:00,21.764583333333334
2024-06-24 00:00:00+00:00,21.183333333333334
2024-06-25 00:00:00+00:00,20.20736842105263
2024-06-26 00:00:00+00:00,21.875
2024-06-27 00:00:00+00:00,20.948958333333334
2024-06-28 00:00:00+00:00,20.023958333333333
2024-06-29 00:00:00+00:00,21.110869565217392
2024-06-30 00:00:00+00:00,21.644791666666666
2024-07-01 00:00:00+00:00,20.096875
2024-07-02 00:00:00+00:00,19.994791666666668
2024-07-03 00:00:00+00:00,20.773958333333333
2024-07-04 00:00:00+00:00,22.034375
2024-07-05 00:00:00+00:00,21.949473684210524
2024-07-06 00:00:00+00:00,21.556250000000002
2024-07-07 00:00:00+00:00,20.516666666666666
2024-07-08 00:00:00+00:00,20.216666666666665
2024-07-09 00:00:00+00:00,20.59578947368421
2024-07-10 00:00:00+00:00,20.809574468085106
2024-07-11 00:00:00+00:00,21.38
2024-07-12 00:00:00+00:00,19.603157894736842
2024-07-13 00:00:00+00:00,18.971875
2024-07-14 00:00:00+00:00,18.402083333333334
2024-07-15 00:00:00+00:00,19.36842105263158
2024-07-16 00:00:00+00:00,18.66086956521739
2024-07-17 00:00:00+00:00,19.221739130434784
2024-07-18 00:00:00+00:00,18.838297872340426
2024-07-19 00:00:00+00:00,19.001041666666666
2024-07-20 00:00:00+00:00,20.175824175824175
2024-07-21 00:00:00+00:00,21.478125000000002
2024-07-22 00:00:00+00:00,21.563157894736843
2024-07-23 00:00:00+00:00,21.947916666666668
2024-07-24 00:00:00+00:00,21.532631578947367
2024-07-25 00:00:00+00:00,20.91720430107527
2024-07-26 00:00:00+00:00,20.265591397849462
2024-07-27 00:00:00+00:00,19.32340425531915
2024-07-28 00:00:00+00:00,18.9
2024-07-29 00:00:00+00:00,17.844791666666666
2024-07-30 00:00:00+00:00,16.184375
2024-07-31 00:00:00+00:00,16.886458333333334
2024-08-01 00:00:00+00:00,16.22421052631579
2024-08-02 00:00:00+00:00,14.693617021276596
2024-08-03 00:00:00+00:00,15.014583333333334
2024-08-04 00:00:00+00:00,16.849473684210526
2024-08-05 00:00:00+00:00,18.460416666666667
2024-08-06 00:00:00+00:00,18.546315789473685
2024-08-07 00:00:00+00:00,17.532631578947367
2024-08-08 00:00:00+00:00,17.21875
2024-08-09 00:00:00+00:00,17.419780219780222
2024-08-10 00:00:00+00:00,17.926315789473684
2024-08-11 00:00:00+00:00,14.398947368421053
2024-08-12 00:00:00+00:00,13.685416666666667
2024-08-13 00:00:00+00:00,13.44468085106383
2024-08-14 00:00:00+00:00,14.692708333333334
2024-08-15 00:00:00+00:00,15.635789473684211
2024-08-16 00:00:00+00:00,16.41578947368421
2024-08-17 00:00:00+00:00,18.76489361702128
2024-08-18 00:00:00+00:00,20.692708333333332
2024-08-19 00:00:00+00:00,20.593684210526316
2024-08-20 00:00:00+00:00,19.811458333333334
2024-08-21 00:00:00+00:00,19.478125000000002
2024-08-22 00:00:00+00:00,19.516666666666666
2024-08-23 00:00:00+00:00,19.056250000000002
2024-08-24 00:00:00+00:00,18.852083333333333
2024-08-25 00:00:00+00:00,18.80212765957447
2024-08-26 00:00:00+00:00,18.517894736842106
2024-08-27 00:00:00+00:00,18.326315789473686
2024-08-28 00:00:00+00:00,18.904166666666665
2024-08-29 00:00:00+00:00,18.614583333333332
2024-08-30 00:00:00+00:00,19.135416666666668
2024-08-31 00:00:00+00:00,19.02
2024-09-01 00:00:00+00:00,19.814583333333335
2024-09-02 00:00:00+00:00,19.669473684210526
2024-09-03 00:00:00+00:00,19.715625
2024-09-04 00:00:00+00:00,19.751578947368422
2024-09-05 00:00:00+00:00,20.211458333333333
2024-09-06 00:00:00+00:00,20.841666666666665
2024-09-07 00:00:00+00:00,21.354166666666668
2024-09-08 00:00:00+00:00,20.115624999999998
2024-09-09 00:00:00+00:00,18.545833333333334
2024-09-10 00:00:00+00:00,18.615624999999998
2024-09-11 00:00:00+00:00,18.74042553191489
2024-09-12 00:00:00+00:00,18.813541666666666
2024-09-13 00:00:00+00:00,19.45
2024-09-14 00:00:00+00:00,19.77263157894737
2024-09-15 00:00:00+00:00,21.15625
2024-09-16 00:00:00+00:00,22.34583333333333
2024-09-17 00:00:00+00:00,22.514583333333334
2024-09-18 00:00:00+00:00,23.071578947368423
2024-09-19 00:00:00+00:00,23.336458333333336
2024-09-20 00:00:00+00:00,23.79375
2024-09-21 00:00:00+00:00,24.077083333333334
2024-09-22 00:00:00+00:00,23.917708333333334
2024-09-23 00:00:00+00:00,23.758064516129032
2024-09-24 00:00:00+00:00,22.66875
2024-09-25 00:00:00+00:00,22.218478260869563
2024-09-26 00:00:00+00:00,21.621875
2024-09-27 00:00:00+00:00,21.045263157894738
2024-09-28 00:00:00+00:00,21.465625
2024-09-29 00:00:00+00:00,21.695744680851064
2024-09-30 00:00:00+00:00,21.03510638297872
2024-10-01 00:00:00+00:00,21.735416666666666
2024-10-02 00:00:00+00:00,22.418085106382982
2024-10-03 00:00:00+00:00,22.119791666666668
2024-10-04 00:00:00+00:00,21.670526315789473
2024-10-05 00:00:00+00:00,21.537894736842105
2024-10-06 00:00:00+00:00,21.436458333333334
2024-10-07 00:00:00+00:00,22.63684210526316
2024-10-08 00:00:00+00:00,21.33157894736842
2024-10-09 00:00:00+00:00,21.040625000000002
2024-10-10 00:00:00+00:00,19.847368421052632
2024-10-11 00:00:00+00:00,20.318947368421053
2024-10-12 00:00:00+00:00,20.414583333333333
2024-10-13 00:00:00+00:00,21.629787234042553
2024-10-14 00:00:00+00:00,22.772340425531915
2024-10-15 00:00:00+00:00,22.473958333333332
2024-10-16 00:00:00+00:00,22.416842105263157
2024-10-17 00:00:00+00:00,22.840425531914892
2024-10-18 00:00:00+00:00,24.454255319148935
2024-10-19 00:00:00+00:00,24.393684210526317
2024-10-20 00:00:00+00:00,23.772916666666664
2024-10-21 00:00:00+00:00,23.13684210526316
2024-10-22 00:00:00+00:00,22.92395833333333
2024-10-23 00:00:00+00:00,22.983516483516482
2024-10-24 00:00:00+00:00,22.167708333333334
2024-10-25 00:00:00+00:00,21.496875
2024-10-26 00:00:00+00:00,21.519791666666666
2024-10-27 00:00:00+00:00,20.718947368421052
2024-10-28 00:00:00+00:00,22.019791666666666
2024-10-29 00:00:00+00:00,22.919148936170213
2024-10-30 00:00:00+00:00,23.340625
2024-10-31 00:00:00+00:00,22.95520833333333
2024-11-01 00:00:00+00:00,22.91304347826087
2024-11-02 00:00:00+00:00,21.985416666666666
2024-11-03 00:00:00+00:00,23.02
2024-11-04 00:00:00+00:00,23.319791666666664
2024-11-05 00:00:00+00:00,23.195833333333336
2024-11-06 00:00:00+00:00,22.542105263157893
2024-11-07 00:00:00+00:00,21.934375
2024-11-08 00:00:00+00:00,22.803124999999998
2024-11-09 00:00:00+00:00,20.492708333333333
2024-11-10 00:00:00+00:00,23.386170212765958
2024-11-11 00:00:00+00:00,24.188541666666666
2024-11-12 00:00:00+00:00,23.31578947368421
2024-11-13 00:00:00+00:00,23.94
2024-11-14 00:00:00+00:00,25.628421052631577
2024-11-15 00:00:00+00:00,25.627472527472527
2024-11-16 00:00:00+00:00,25.210638297872343
2024-11-17 00:00:00+00:00,24.86105263157895
2024-11-18 00:00:00+00:00,25.249473684210525
2024-11-19 00:00:00+00:00,24.665625000000002
2024-11-20 00:00:00+00:00,24.677083333333332
2024-11-21 00:00:00+00:00,25.61304347826087
2024-11-22 00:00:00+00:00,23.354166666666668
2024-11-23 00:00:00+00:00,22.104166666666668
2024-11-24 00:00:00+00:00,17.877083333333335
2024-11-25 00:00:00+00:00,19.14
2024-11-26 00:00:00+00:00,22.51578947368421
2024-11-27 00:00:00+00:00,21.774736842105263
2024-11-28 00:00:00+00:00,22.596842105263157
2024-11-29 00:00:00+00:00,19.731578947368423
2024-11-30 00:00:00+00:00,21.712500000000002
2024-12-01 00:00:00+00:00,21.378125
2024-12-02 00:00:00+00:00,21.22736842105263
2024-12-03 00:00:00+00:00,21.84375
2024-12-04 00:00:00+00:00,21.557291666666668
2024-12-05 00:00:00+00:00,23.229166666666668
2024-12-06 00:00:00+00:00,18.413333333333334
2024-12-07 00:00:00+00:00,21.673684210526314
2024-12-08 00:00:00+00:00,23.402105263157893
2024-12-09 00:00:00+00:00,22.947916666666668
2024-12-10 00:00:00+00:00,23.384375000000002
2024-12-11 00:00:00+00:00,23.40212765957447
2024-12-12 00:00:00+00:00,19.712500000000002
2024-12-13 00:00:00+00:00,13.7
2024-12-14 00:00:00+00:00,16.053124999999998
2024-12-15 00:00:00+00:00,16.765263157894736
2024-12-16 00:00:00+00:00,18.321686746987954
2024-12-17 00:00:00+00:00,18.584444444444443
2024-12-18 00:00:00+00:00,17.133333333333333
2024-12-19 00:00:00+00:00,16.58125
2024-12-20 00:00:00+00:00,16.304166666666667
2024-12-21 00:00:00+00:00,15.635789473684211
2024-12-22 00:00:00+00:00,12.84315789473684
2024-12-23 00:00:00+00:00,14.124561403508773
2024-12-24 00:00:00+00:00,
2024-12-25 00:00:00+00:00,
2024-12-26 00:00:00+00:00,
2024-12-27 00:00:00+00:00,
2024-12-28 00:00:00+00:00,
2024-12-29 00:00:00+00:00,19.904819277108434
2024-12-30 00:00:00+00:00,22.82857142857143
2024-12-31 00:00:00+00:00,
2025-01-01 00:00:00+00:00,
2025-01-02 00:00:00+00:00,15.330434782608696
2025-01-03 00:00:00+00:00,14.729787234042552
2025-01-04 00:00:00+00:00,16.941666666666666
2025-01-05 00:00:00+00:00,17.444791666666667
2025-01-06 00:00:00+00:00,18.70421052631579
2025-01-07 00:00:00+00:00,15.612499999999999
2025-01-08 00:00:00+00:00,15.132291666666667
2025-01-09 00:00:00+00:00,14.762105263157896
2025-01-10 00:00:00+00:00,20.0
2025-01-11 00:00:00+00:00,23.78333333333333
2025-01-12 00:00:00+00:00,21.306250000000002
2025-01-13 00:00:00+00:00,22.445833333333336
2025-01-14 00:00:00+00:00,20.49578947368421
2025-01-15 00:00:00+00:00,19.461052631578948
2025-01-16 00:00:00+00:00,22.40215053763441
2025-01-17 00:00:00+00:00,23.035416666666666
2025-01-18 00:00:00+00:00,22.645744680851063
2025-01-19 00:00:00+00:00,21.50531914893617
2025-01-20 00:00:00+00:00,17.983333333333334
2025-01-21 00:00:00+00:00,16.698958333333334
2025-01-22 00:00:00+00:00,18.702105263157897
2025-01-23 00:00:00+00:00,20.711458333333333
2025-01-24 00:00:00+00:00,19.31276595744681
2025-01-25 00:00:00+00:00,20.79375
2025-01-26 00:00:00+00:00,21.646874999999998
2025-01-27 00:00:00+00:00,22.621875
2025-01-28 00:00:00+00:00,24.369473684210526
2025-01-29 00:00:00+00:00,24.721875
2025-01-30 00:00:00+00:00,22.471875
2025-01-31 00:00:00+00:00,25.0
2025-02-01 00:00:00+00:00,24.29375
2025-02-02 00:00:00+00:00,24.214893617021275
2025-02-03 00:00:00+00:00,24.733333333333334
2025-02-04 00:00:00+00:00,23.586458333333336
2025-02-05 00:00:00+00:00,22.23478260869565
2025-02-06 00:00:00+00:00,23.91875
2025-02-07 00:00:00+00:00,22.317708333333332
2025-02-08 00:00:00+00:00,21.24421052631579
2025-02-09 00:00:00+00:00,24.306250000000002
2025-02-10 00:00:00+00:00,23.760416666666668
2025-02-11 00:00:00+00:00,23.096875
2025-02-12 00:00:00+00:00,24.551041666666666
2025-02-13 00:00:00+00:00,25.855208333333334
2025-02-14 00:00:00+00:00,20.616071428571427
2025-02-15 00:00:00+00:00,22.240000000000002
2025-02-16 00:00:00+00:00,24.397916666666664
2025-02-17 00:00:00+00:00,17.051578947368423
2025-02-18 00:00:00+00:00,15.96875
2025-02-19 00:00:00+00:00,19.077083333333334
2025-02-20 00:00:00+00:00,23.381249999999998
2025-02-21 00:00:00+00:00,18.526041666666668
2025-02-22 00:00:00+00:00,20.310526315789474
2025-02-23 00:00:00+00:00,22.006451612903223
2025-02-24 00:00:00+00:00,22.952083333333334
2025-02-25 00:00:00+00:00,24.535106382978725
2025-02-26 00:00:00+00:00,23.879166666666666
2025-02-27 00:00:00+00:00,24.3
2025-02-28 00:00:00+00:00,24.566666666666666
2025-03-01 00:00:00+00:00,24.510526315789473
2025-03-02 00:00:00+00:00,20.70421052631579
2025-03-03 00:00:00+00:00,21.375
2025-03-04 00:00:00+00:00,22.681250000000002
2025-03-05 00:00:00+00:00,22.422916666666666
2025-03-06 00:00:00+00:00,22.246875
2025-03-07 00:00:00+00:00,13.58842105263158
2025-03-08 00:00:00+00:00,14.72
2025-03-09 00:00:00+00:00,14.76842105263158
2025-03-10 00:00:00+00:00,17.916304347826088
2025-03-11 00:00:00+00:00,19.105208333333334
2025-03-12 00:00:00+00:00,18.826041666666665
2025-03-13 00:00:00+00:00,19.209374999999998
2025-03-14 00:00:00+00:00,18.526041666666668
2025-03-15 00:00:00+00:00,18.09578947368421
2025-03-16 00:00:00+00:00,18.254166666666666
2025-03-17 00:00:00+00:00,17.714583333333334
2025-03-18 00:00:00+00:00,11.935416666666667
2025-03-19 00:00:00+00:00,12.430434782608694
2025-03-20 00:00:00+00:00,11.909374999999999
2025-03-21 00:00:00+00:00,10.067499999999999
2025-03-22 00:00:00+00:00,11.361052631578946
2025-03-23 00:00:00+00:00,10.626315789473685
2025-03-24 00:00:00+00:00,12.918947368421053
2025-03-25 00:00:00+00:00,12.30989010989011
2025-03-26 00:00:00+00:00,14.232631578947368
2025-03-27 00:00:00+00:00,15.940624999999999
2025-03-28 00:00:00+00:00,18.842708333333334
2025-03-29 00:00:00+00:00,20.21157894736842
2025-03-30 00:00:00+00:00,21.22736842105263
2025-03-31 00:00:00+00:00,20.5968085106383
2025-04-01 00:00:00+00:00,16.984375
2025-04-02 00:00:00+00:00,16.31304347826087
2025-04-03 00:00:00+00:00,16.297894736842103
2025-04-04 00:00:00+00:00,12.918478260869565
2025-04-05 00:00:00+00:00,12.808695652173913
2025-04-06 00:00:00+00:00,12.694736842105263
2025-04-07 00:00:00+00:00,11.456249999999999
2025-04-08 00:00:00+00:00,12.1875
2025-04-09 00:00:00+00:00,10.389583333333333
2025-04-10 00:00:00+00:00,14.595833333333333
2025-04-11 00:00:00+00:00,16.720833333333335
2025-04-12 00:00:00+00:00,17.298947368421054
2025-04-13 00:00:00+00:00,14.807291666666666
2025-04-14 00:00:00+00:00,14.832631578947368
2025-04-15 00:00:00+00:00,14.835416666666667
2025-04-16 00:00:00+00:00,12.017708333333333
2025-04-17 00:00:00+00:00,12.377083333333333
2025-04-18 00:00:00+00:00,14.571875
2025-04-19 00:00:00+00:00,14.716666666666667
2025-04-20 00:00:00+00:00,13.12736842105263
2025-04-21 00:00:00+00:00,15.371739130434783
2025-04-22 00:00:00+00:00,15.441666666666668
2025-04-23 00:00:00+00:00,15.881052631578948
2025-04-24 00:00:00+00:00,16.974999999999998
2025-04-25 00:00:00+00:00,19.278125
2025-04-26 00:00:00+00:00,21.046315789473685
2025-04-27 00:00:00+00:00,18.7625
2025-04-28 00:00:00+00:00,18.15268817204301
2025-04-29 00:00:00+00:00,19.140625
2025-04-30 00:00:00+00:00,17.838461538461537
2025-05-01 00:00:00+00:00,17.049473684210525
2025-05-02 00:00:00+00:00,17.79578947368421
2025-05-03 00:00:00+00:00,16.872826086956522
2025-05-04 00:00:00+00:00,14.955208333333333
2025-05-05 00:00:00+00:00,14.228125
2025-05-06 00:00:00+00:00,11.665263157894737
2025-05-07 00:00:00+00:00,9.464583333333334
2025-05-08 00:00:00+00:00,8.286458333333334
2025-05-09 00:00:00+00:00,8.827368421052633
2025-05-10 00:00:00+00:00,7.2631578947368425
2025-05-11 00:00:00+00:00,6.572631578947369
2025-05-12 00:00:00+00:00,6.236458333333334
2025-05-13 00:00:00+00:00,7.471875
2025-05-14 00:00:00+00:00,9.496703296703297
2025-05-15 00:00:00+00:00,9.763541666666667
2025-05-16 00:00:00+00:00,10.446315789473683
2025-05-17 00:00:00+00:00,11.809473684210527
2025-05-18 00:00:00+00:00,10.9625
2025-05-19 00:00:00+00:00,11.072916666666666
2025-05-20 00:00:00+00:00,13.051578947368421
2025-05-21 00:00:00+00:00,14.94367816091954
2025-05-22 00:00:00+00:00,16.377894736842105
2025-05-23 00:00:00+00:00,15.211458333333333
2025-05-24 00:00:00+00:00,16.206382978723404
2025-05-25 00:00:00+00:00,16.40625
2025-05-26 00:00:00+00:00,17.201041666666665
2025-05-27 00:00:00+00:00,17.212500000000002
2025-05-28 00:00:00+00:00,17.496875
2025-05-29 00:00:00+00:00,17.633695652173913
2025-05-30 00:00:00+00:00,18.095833333333335
2025-05-31 00:00:00+00:00,17.277659574468085
2025-06-01 00:00:00+00:00,12.742708333333333
2025-06-02 00:00:00+00:00,11.65
2025-06-03 00:00:00+00:00,11.313186813186814
2025-06-04 00:00:00+00:00,11.125
2025-06-05 00:00:00+00:00,11.917021276595746
2025-06-06 00:00:00+00:00,13.102083333333333
2025-06-07 00:00:00+00:00,14.213541666666666
2025-06-08 00:00:00+00:00,12.8375
2025-06-09 00:00:00+00:00,12.336842105263157
2025-06-10 00:00:00+00:00,12.81578947368421
2025-06-11 00:00:00+00:00,12.55684210526316
2025-06-12 00:00:00+00:00,14.5
2025-06-13 00:00:00+00:00,13.560416666666667
2025-06-14 00:00:00+00:00,15.298958333333333
2025-06-15 00:00:00+00:00,16.140625
2025-06-16 00:00:00+00:00,15.782291666666666
2025-06-17 00:00:00+00:00,15.926041666666668
2025-06-18 00:00:00+00:00,16.021052631578947
2025-06-19 00:00:00+00:00,16.095833333333335
2025-06-20 00:00:00+00:00,15.941489361702128
2025-06-21 00:00:00+00:00,16.154166666666665
2025-06-22 00:00:00+00:00,17.251041666666666
2025-06-23 00:00:00+00:00,17.720833333333335
2025-06-24 00:00:00+00:00,18.271578947368422
2025-06-25 00:00:00+00:00,18.168817204301074
2025-06-26 00:00:00+00:00,19.263440860215052
2025-06-27 00:00:00+00:00,20.287499999999998
2025-06-28 00:00:00+00:00,19.533333333333335
2025-06-29 00:00:00+00:00,19.18
2025-06-30 00:00:00+00:00,18.40625
2025-07-01 00:00:00+00:00,18.802105263157895
2025-07-02 00:00:00+00:00,17.833333333333332
2025-07-03 00:00:00+00:00,17.220833333333335
2025-07-04 00:00:00+00:00,16.748421052631578
2025-07-05 00:00:00+00:00,16.765625
2025-07-06 00:00:00+00:00,17.978125000000002
2025-07-07 00:00:00+00:00,19.650000000000002
2025-07-08 00:00:00+00:00,19.7031914893617
2025-07-09 00:00:00+00:00,19.471875
2025-07-10 00:00:00+00:00,20.655208333333334
2025-07-11 00:00:00+00:00,21.150000000000002
2025-07-12 00:00:00+00:00,21.77916666666667
2025-07-13 00:00:00+00:00,22.137634408602153
2025-07-14 00:00:00+00:00,22.353125000000002
2025-07-15 00:00:00+00:00,21.175789473684212
2025-07-16 00:00:00+00:00,21.088541666666668
2025-07-17 00:00:00+00:00,21.54421052631579
2025-07-18 00:00:00+00:00,20.426041666666666
2025-07-19 00:00:00+00:00,20.83125
2025-07-20 00:00:00+00:00,22.087500000000002
2025-07-21 00:00:00+00:00,21.847916666666666
2025-07-22 00:00:00+00:00,22.09166666666667
2025-07-23 00:00:00+00:00,22.603157894736842
2025-07-24 00:00:00+00:00,23.202083333333334
2025-07-25 00:00:00+00:00,23.116666666666664
2025-07-26 00:00:00+00:00,22.996875
2025-07-27 00:00:00+00:00,23.757291666666664
2025-07-28 00:00:00+00:00,23.157894736842106
2025-07-29 00:00:00+00:00,22.461052631578948
2025-07-30 00:00:00+00:00,22.023958333333336
2025-07-31 00:00:00+00:00,21.227659574468085
2025-08-01 00:00:00+00:00,20.6375
2025-08-02 00:00:00+00:00,19.6125
2025-08-03 00:00:00+00:00,18.82842105263158
2025-08-04 00:00:00+00:00,19.415625000000002
2025-08-05 00:00:00+00:00,19.313541666666666
2025-08-06 00:00:00+00:00,20.318749999999998
2025-08-07 00:00:00+00:00,21.269565217391303
2025-08-08 00:00:00+00:00,21.729166666666668
2025-08-09 00:00:00+00:00,22.385416666666668
2025-08-10 00:00:00+00:00,22.83157894736842
2025-08-11 00:00:00+00:00,23.12708333333333
2025-08-12 00:00:00+00:00,23.130851063829788
2025-08-13 00:00:00+00:00,23.540000000000003
2025-08-14 00:00:00+00:00,23.32604166666667
2025-08-15 00:00:00+00:00,22.730208333333334
2025-08-16 00:00:00+00:00,22.93541666666667
2025-08-17 00:00:00+00:00,23.176041666666666
2025-08-18 00:00:00+00:00,22.257291666666664
2025-08-19 00:00:00+00:00,23.4875
2025-08-20 00:00:00+00:00,23.88854166666667
2025-08-21 00:00:00+00:00,24.15212765957447
2025-08-22 00:00:00+00:00,24.261458333333334
2025-08-23 00:00:00+00:00,23.830851063829787
2025-08-24 00:00:00+00:00,23.732631578947366
2025-08-25 00:00:00+00:00,23.563541666666666
2025-08-26 00:00:00+00:00,23.09578947368421
2025-08-27 00:00:00+00:00,22.321875000000002
2025-08-28 00:00:00+00:00,22.292708333333334
2025-08-29 00:00:00+00:00,23.099999999999998
2025-08-30 00:00:00+00:00,21.805208333333336
2025-08-31 00:00:00+00:00,21.693749999999998
2025-09-01 00:00:00+00:00,21.108333333333334
2025-09-02 00:00:00+00:00,21.654255319148938
2025-09-03 00:00:00+00:00,21.595698924731185
2025-09-04 00:00:00+00:00,22.803124999999998
2025-09-05 00:00:00+00:00,23.076595744680848
2025-09-06 00:00:00+00:00,22.841052631578947
2025-09-07 00:00:00+00:00,21.926041666666666
2025-09-08 00:00:00+00:00,22.348958333333332
2025-09-09 00:00:00+00:00,22.844791666666666
2025-09-10 00:00:00+00:00,23.279787234042555
2025-09-11 00:00:00+00:00,23.751578947368422
2025-09-12 00:00:00+00:00,23.56382978723404
2025-09-13 00:00:00+00:00,23.827659574468086
2025-09-14 00:00:00+00:00,23.579166666666666
2025-09-15 00:00:00+00:00,22.70104166666667
2025-09-16 00:00:00+00:00,23.121052631578948
2025-09-17 00:00:00+00:00,23.49578947368421
2025-09-18 00:00:00+00:00,23.35684210526316
2025-09-19 00:00:00+00:00,23.45
2025-09-20 00:00:00+00:00,23.78333333333333
2025-09-21 00:00:00+00:00,24.112631578947365
2025-09-22 00:00:00+00:00,24.118947368421054
2025-09-23 00:00:00+00:00,24.188541666666666
2025-09-24 00:00:00+00:00,23.946875000000002
2025-09-25 00:00:00+00:00,24.226315789473684
2025-09-26 00:00:00+00:00,23.0625
2025-09-27 00:00:00+00:00,22.01354166666667
2025-09-28 00:00:00+00:00,22.402105263157893
2025-09-29 00:00:00+00:00,21.095698924731185
2025-09-30 00:00:00+00:00,21.028125
2025-10-01 00:00:00+00:00,21.85698924731183
2025-10-02 00:00:00+00:00,21.769791666666666
2025-10-03 00:00:00+00:00,21.614583333333332
2025-10-04 00:00:00+00:00,22.780208333333334
2025-10-05 00:00:00+00:00,23.495744680851065
2025-10-06 00:00:00+00:00,23.77052631578947
2025-10-07 00:00:00+00:00,23.934375
2025-10-08 00:00:00+00:00,24.176041666666666
2025-10-09 00:00:00+00:00,23.626373626373628
2025-10-10 00:00:00+00:00,24.263157894736842
2025-10-11 00:00:00+00:00,24.567021276595746
2025-10-12 00:00:00+00:00,24.678947368421053
2025-10-13 00:00:00+00:00,25.20104166666667
2025-10-14 00:00:00+00:00,22.235416666666666
2025-10-15 00:00:00+00:00,22.06458333333333
2025-10-16 00:00:00+00:00,22.349999999999998
2025-10-17 00:00:00+00:00,23.134375000000002
2025-10-18 00:00:00+00:00,24.5125
2025-10-19 00:00:00+00:00,24.49473684210526
2025-10-20 00:00:00+00:00,24.741666666666664
2025-10-21 00:00:00+00:00,23.237894736842104
2025-10-22 00:00:00+00:00,23.958333333333332
2025-10-23 00:00:00+00:00,23.530526315789476
2025-10-24 00:00:00+00:00,22.476041666666664
2025-10-25 00:00:00+00:00,22.418947368421055
2025-10-26 00:00:00+00:00,22.506382978723405
2025-10-27 00:00:00+00:00,22.175531914893618
2025-10-28 00:00:00+00:00,22.383333333333336
2025-10-29 00:00:00+00:00,23.676041666666666
2025-10-30 00:00:00+00:00,23.534375
2025-10-31 00:00:00+00:00,20.444791666666667
2025-11-01 00:00:00+00:00,16.560416666666665
2025-11-02 00:00:00+00:00,20.20421052631579
2025-11-03 00:00:00+00:00,22.693684210526317
2025-11-04 00:00:00+00:00,21.958333333333332
2025-11-05 00:00:00+00:00,22.290526315789474
2025-11-06 00:00:00+00:00,21.93958333333333
2025-11-07 00:00:00+00:00,23.02916666666667
2025-11-08 00:00:00+00:00,24.071578947368423
2025-11-09 00:00:00+00:00,23.44787234042553
2025-11-10 00:00:00+00:00,23.2375
2025-11-11 00:00:00+00:00,19.8625
2025-11-12 00:00:00+00:00,19.00315789473684
2025-11-13 00:00:00+00:00,19.7
2025-11-14 00:00:00+00:00,20.333684210526318
2025-11-15 00:00:00+00:00,21.479166666666668
2025-11-16 00:00:00+00:00,22.085416666666664
2025-11-17 00:00:00+00:00,17.785416666666666
2025-11-18 00:00:00+00:00,18.753125
2025-11-19 00:00:00+00:00,21.54842105263158
2025-11-20 00:00:00+00:00,21.396874999999998
2025-11-21 00:00:00+00:00,21.646874999999998
2025-11-22 00:00:00+00:00,21.916666666666668
2025-11-23 00:00:00+00:00,21.33157894736842
2025-11-24 00:00:00+00:00,20.167708333333334
2025-11-25 00:00:00+00:00,21.270833333333332
2025-11-26 00:00:00+00:00,21.83157894736842
2025-11-27 00:00:00+00:00,19.48125
2025-11-28 00:00:00+00:00,19.498947368421053
2025-11-29 00:00:00+00:00,17.412499999999998
2025-11-30 00:00:00+00:00,21.104166666666668
2025-12-01 00:00:00+00:00,21.423655913978497
2025-12-02 00:00:00+00:00,22.35578947368421
2025-12-03 00:00:00+00:00,22.599999999999998
2025-12-04 00:00:00+00:00,23.242105263157896
2025-12-05 00:00:00+00:00,21.142105263157895
2025-12-06 00:00:00+00:00,24.120212765957447
2025-12-07 00:00:00+00:00,23.77263157894737
2025-12-08 00:00:00+00:00,22.6375
2025-12-09 00:00:00+00:00,22.795238095238094
2025-12-10 00:00:00+00:00,24.7
2025-12-11 00:00:00+00:00,21.79479166666667
2025-12-12 00:00:00+00:00,18.841666666666665
2025-12-13 00:00:00+00:00,20.257894736842104
2025-12-14 00:00:00+00:00,22.758666666666667
2025-12-15 00:00:00+00:00,
2025-12-16 00:00:00+00:00,21.108333333333334
2025-12-17 00:00:00+00:00,24.40833333333333
